상품명,Cupping Note 향미,Cupping Note 산미,Cupping Note 단맛,Cupping Note 바디감,Cupping Note 밸런스,Roasting Point,origin,text,로스터리,평점,리뷰 수
베트남로부스타블루드래곤워시드g1,7.0,6,7,8,7.0,5.5,베트남,로부스타 특유의 곡물의 구수한 향미와 은은한 단 맛이 느껴지는 커피입니다. 수세식(워시드 가공방식)으로 가공되어 보다 균일하고 깔끔한 에프터 테이스트(끝 맛)를 선사합니다.,콩스콩스,4.345098039215686,255.0
마일드블렌드,7.0,7,7,7,7.0,6.0,"브라질, 베트남",묵직한 바디감과 부드러운 산미가 잘 조화되어 맛의 균형을 잘 살린 원두로써 가장 인기있는 상품입니다.,콩스콩스,4.330383480825959,339.0
모카블렌드,6.0,6,6,7,6.0,6.0,"에티오피아, 브라질, 베트남",고소하면서도 부드러운 단 맛과 쌉싸름함이 어우러진 커피를 적절하게 블렌딩한 커피입니다.,콩스콩스,4.785714285714286,14.0
하우스블렌드,6.0,4,4,6,6.0,6.0,"브라질, 콜롬비아, 베트남",각 원두의 맛과 함미를 잘 배합하여 균형 잡힌 원두로 콩스콩스 블렌딩만의 노하우가 담긴 커피입니다.,콩스콩스,4.0,6.0
헤이즐넛향커피,8.0,6,6,7,6.0,5.5,베트남,베트남 원두를 베이스로 헤이즐넛 향을 가미하여 헤이즐넛의 고소함과 풍부한 향이를 느낄 수 있는 커피입니다.,콩스콩스,4.25,136.0
리치블렌드,6.0,6,4,6,6.0,6.0,"브라질, 과테말라, 베트남",웃직한 바디감과 쌀싸름이 잘 조화된 커피로 균형잡힌 블렌딩 커피입니다.,콩스콩스,,
아이스블렌드,6.0,6,6,7,6.0,6.0,"콜롬비아, 브라질, 베트남",더운 여름 커피의 진한 향미와 맛을 시원하게 즐기실 수 있는 아이스 블렌딩 커피입니다.,콩스콩스,5.0,1.0
에티오피아시다모g4,6.0,7,6,6,6.0,5.5,에티오피아,"묵직한 바디감과 약간의 와인 맛 속에 베리류의 산미를 가지고 있으며, 풍부한 향미를 느낄 수 있는 커피입니다.",콩스콩스,4.538461538461538,13.0
콜롬비아슈프리모후일라,7.0,6,6,6,6.0,5.5,콜롬비아,견과류의 고소함과 크림 같이 부드러운 목넘김을 지닌 커피로써 부담 없이 누구나 즐길 수 있는 커피입니다.,콩스콩스,3.8461538461538463,13.0
브라질세하도ny-217-18,7.0,4,7,8,7.0,5.5,브라질,고소한 아몬드를 볶은 것 같은 향미와 연하고 부드러워 처음 커피를 접하시는 분들도 무난히 드실 수 있는 브라질 커피의 특징을 잘 표현해주는 커피입니다.,콩스콩스,4.5,66.0
에스프레소블렌드,6.0,4,4,6,6.0,6.0,"콜롬비아, 베트남, 베트남",진한 에스프레소에 맞는 적절한 조화를 이룬 커피를 원하시는 분들께 맞도록 블렌딩한 커피입니다.,콩스콩스,4.71875,32.0
바닐라향커피,8.0,6,6,7,6.0,5.5,베트남,아로아향처럼 기분을 좋게 만들며 입 안에 감도는 달콤한 맛과 부드러우면서도 고소하 한미를 느낌 수 있는 커피입니다.,콩스콩스,3.35,20.0
아일리쉬향커피,8.0,6,6,7,6.0,5.5,베트남,베트남 원두를 베이스로 아일리쉬 향을 가미하여 아일리쉬 특유의 위스키향과 크림 향미가 적절하게 어우러진 커피입니다.,콩스콩스,4.066666666666666,15.0
허니블렌드,6.0,6,5,6,6.0,6.0,"베트남, 베트남","풍부한 향미와 뛰어난 바디감, 쌉싸름한 맛이 어우러진 블렌딩 커피입니다.",콩스콩스,,
스타블렌드,6.0,6,5,4,5.0,5.5,"에티오피아, 브라질, 베트남",고소하면서 쌉쌀한 맛과 은은한 산미까지 더해져 무난한 맛으로 대중적으로 인기있는 커피입니다.,콩스콩스,4.5,6.0
브라질블렌드,7.0,6,6,6,6.0,5.5,"브라질, 온두라스, 베트남",고소한 아몬드 향미와 은은한 단맛이 느껴지는 커피입니다,콩스콩스,5.0,1.0
에티오피아블렌드,7.0,8,7,7,7.0,5.5,"에티오피아, 베트남, 베트남",적당한 산미와 고소하고 쌉싸름한 맛을 함께 즐기실수 있는 커피입니다,콩스콩스,,
콜롬비아블렌드,7.0,7,7,7,8.0,5.5,"콜롬비아, 브라질, 베트남",구수한 향미와 연하고 부드러운 맛을 느낄수 있습니다,콩스콩스,3.875,8.0
시그니처블렌드,7.0,6,7,6,6.0,6.0,"브라질, 콜롬비아, 온두라스","고소한 아몬드와 다크 초콜릿의 단 맛, 부드러우면서 약간에 산미까지 더해져 부담없이 즐길 수 있는 커피입니다.",콩스콩스,,
로얄블렌드,6.0,6,6,7,6.0,5.5,"브라질, 베트남","고소한 향미와 맛, 쌉싸름한 맛이 어우러져 누구나 접할 수 있는 블렌딩 커피입니다.",콩스콩스,,
베트남아라비카g1,7.0,5,5,7,6.0,5.5,베트남,"부드럽고 깔끔한 끝 맛과 고소하고 쌉싸름한 맛이 어우러져, 누구나 편하게 마실 수 있는 커피입니다.",콩스콩스,4.5,8.0
에티오피아예가체프g4,7.0,6,6,6,6.0,5.5,에티오피아,향긋하고 새콤달콤한 각종 베리류의 향미가 풍부한 커피입니다. 차를 마시는 듯한 가벼운 바디와 깔끔한 후미(뒷 맛)를 갖고 있으며 은은한 단 맛을 느낄 수 있습니다.,콩스콩스,4.397849462365591,186.0
블루마운틴블렌드,7.0,6,5,6,6.0,6.0,"콜롬비아, 탄자니아, 베트남","부드러운 산미와 단맛, 쓴 맛, 감칠맛으로 조화가 뛰어나며 완성도가 높은 블렌딩 커피입니다.",콩스콩스,4.404255319148936,47.0
에티오피아예가체프g2,8.0,8,6,7,7.0,5.5,에티오피아,"레몬그라스의 향긋하고 시트러스한 향미와 잘 익은 자두의 단 맛이 좋은 커피 입니다. 또한, 밀크 초콜릿의 깊은 단 맛과 더불어 깔끔한 후미가 인상적입니다.",콩스콩스,4.095238095238095,21.0
파푸아뉴기니a,7.0,7,6,7,7.0,5.5,파푸아 뉴기니,"부드럽고 깔끔한 풍미와 섬세한 향미, 감칠맛이 좋은 고급스러운 커피입니다.",콩스콩스,4.75,4.0
엘살바도르팬시shg워시드,7.0,7,7,8,7.0,5.5,엘살바도르,마일드하면서도 입 안에서 도는 기분 좋은 커피 향미와 달콤한 목넘김이 좋은 커피 입니다.,콩스콩스,,
멕시코알투라shg워시드,7.0,7,7,8,7.0,5.5,멕시코,"가벼운 바디감과 비교적 산미가 낮으며, 부드러운 밀크 초콜릿의 단 맛이 잘 어우러진 커피입니다.",콩스콩스,5.0,2.0
니카라과shg,7.0,7,7,8,7.0,5.5,니카라과,"복잡하면서도 다양한 향미를 지니며, 우수한 바디감, 깔끔한 에프터 테이스트(뒷 맛)를 느낄 수 있습니다.",콩스콩스,3.0,1.0
모닝블렌드,6.0,6,5,5,5.0,5.5,"브라질, 온두라스, 콜롬비아",100% 아라비카 원두로 블렌딩하여 깊은 향과 고소하면서도 약간의 단맛과 깊고 부드러운 맛이 특징이라 모닝 커피로 제격입니다.,콩스콩스,,
스페셜블렌드,7.0,7,8,8,7.0,6.0,"콜롬비아, 멕시코, 브라질",오렌지를 연상케 하는 적절한 산미와 단 맛이 잘 어우러져 풍부한 커피 향미를 잘 느낄 수 있는 블렌딩 커피입니다.,콩스콩스,4.5,2.0
온두라스shg,7.0,7,7,7,7.0,5.5,온두라스,믹스 너트류의 고소함과 다크 코촐릿의 단 맛으로 잘 조화된 커피입니다.,콩스콩스,4.0,1.0
과테말라shb,7.0,7,7,7,8.0,5.5,과테말라,월넛과 같은 견과류의 고소한 향미와 카라멜의 단 맛이 어우러진 커피입니다.,콩스콩스,4.666666666666667,15.0
바리스타블렌드,6.0,6,5,6,6.0,5.5,"브라질, 과테말라, 파푸아 뉴기니",고소함과 단맛의 조화로 아라비카 종의 원두 본연의 맛과 향을 느낄 수 있는 블렌딩 커피입니다.,콩스콩스,5.0,1.0
문블렌드,7.0,7,7,7,7.0,5.5,"콜롬비아, 브라질, 에티오피아, 과테말라",각 산지별 원두 고유의 맛과 향미를 살려 4가지 싱글 오리진 원두를 최상의 비율로 블렌딩한 커피입니다.,콩스콩스,4.7272727272727275,11.0
코스타리카shb,7.0,6,7,7,7.0,5.5,코스타리카,"레몬, 오렌지의 산미와 균형감이 있는 바디감으로 누구나 부담 없이 즐길 수 있는 커피입니다.",콩스콩스,4.666666666666667,3.0
탄자니아킬리만자로aa,7.0,8,7,7,7.0,5.5,탄자니아,입에 감기는 쌉쌀함과 견과류 향기과 두드러지는 커피로 커피 애호가 사이에서 큰 인기를 얻고 있습니다.,콩스콩스,4.5,4.0
인도네시아만델링g1,7.0,6,6,8,7.0,5.5,인도네시아,호두의 달콤 쌉싸름한 맛이 커피의 풍미를 높이고 묵직한 바디감을 더해주는 커피입니다.,콩스콩스,4.363636363636363,11.0
케냐aa,8.0,8,6,8,7.0,5.5,케냐,레몬을 연상케하는 산미와 너트류의 고소함을 더하여 풍부한 커피 향미를 느낄 수 있는 커피입니다.,콩스콩스,4.54054054054054,37.0
디카페인콜롬비아,8.0,8,7,6,8.0,5.5,콜롬비아,살구의 감칠맛과 에이드의 새콤달콤한 향미가 특징입니다. 카라멜의 단맛이 좋고 전체적인 밸런스가 잘 잡힌 커피.,콩스콩스,3.0,1.0
디카페인에티오피아짐마,8.0,8,8,6,7.0,5.5,에티오피아,"청포도의 가벼운 산미와 깨끗한 애프터가 특징이며, 무겁지 않은 바디감으로 부드러운 목넘김이 좋은 커피.",콩스콩스,,
디카페인과테말라,8.0,8,7,7,8.0,5.5,과테말라,레몬 계열의 밝은 향미와 아몬드의 고소함이 특징입니다. 깨끗한 향미와 당밀계열의 단맛이 있는 커피.,콩스콩스,,
디카페인브라질,7.0,7,8,7,8.0,5.5,브라질,감귤류의 신맛과 카라멜의 단맛이 특징입니다. 볶은 땅콩의 고소한 향미를 가진 커피.,콩스콩스,,
브라질 FC 세하도,6.0,2,8,8,7.0,5.5,브라질,중간 정도의 바디감과 구수한 맛의 적당한 쓴맛이 좋고 부드럽게 입안을 감싸는 너트향이 특징,라인코 원두커피,,
콜롬비아 수프리모 안티오키아,8.0,4,6,8,7.0,5.5,콜롬비아,쓴맛이 적고 맛과 향이 부드러우며 깊고 묵직한 바디감과 풍부한 향이 조화롭고 뒷맛이 깔끔한 것이 특징,라인코 원두커피,,
에디오피아 예가체프 G2,8.0,8,6,6,8.0,5.5,에티오피아,"초콜릿 같은 달콤함과 아름다운 꽃향, 과일향의 밸런스가 좋고 향긋한 신맛이 있는 고급진 맛",라인코 원두커피,,
케냐 AA,8.0,6,6,6,7.0,5.0,케냐,"고급& 세련된 신맛과 단맛의 조화, 묵직한 바디감과 부드럽고 향이 좋으며 모든 부분의 밸런스가 좋아 전체적인 조화가 훌륭한 커피",라인코 원두커피,,
인도네시아 아체가요 G1 만델링,6.0,2,6,8,7.0,6.0,인도네시아,"묵직하고 깊은 바디감과 풍부한 향, 산미는 적고 은은한 단맛을 느낄 수 있는 커피",라인코 원두커피,,
베트남 로브스타 G1,4.0,2,4,8,7.0,5.5,베트남,"브라질에 이은 세계 2위 커피생산국으로 보리차,팝콘과 비슷한 향미와 부드럽고 온화한 맛, 묵직한 바디감이 특징인 커피입니다.",라인코 원두커피,,
과테말라 SHB 안티구아,8.0,4,6,8,8.0,5.0,과테말라,부드럽고 목 넘김이 좋으며 고소하고 초콜릿 향과 스모키한 향이 나며 바디감이 높은 원두,라인코 원두커피,,
코스타리카 SHB 따라주,6.0,8,6,6,8.0,4.5,코스타리카,균형감이 좋고 깔끔한 뒷맛을 가지고 있는 클래식 커피 산미가 좋고 적당한 바디감을 갖고 있어 매력적인 향을 자랑하는 원두,라인코 원두커피,,
탄자니아 AA,6.0,8,6,6,6.0,4.5,탄자니아,향이 깊고 맛이 진하며 신맛과 단맛의 절묘한 조화 케냐에 뒤를 잇는 아프리카 커피의 2인자,라인코 원두커피,,
딥테이스트,8.0,4,8,8,8.0,5.5,"브라질, 콜롬비아, 에티오피아",풍부한 향과 강렬하고 깊은 바디감이 우수한 블렌드로 아메리카노 or 카페라떼까지 모두 잘 어울리는 원두 (우리 집이 카페로 변하는 신비한 마법),라인코 원두커피,,
블라섬,8.0,8,6,4,7.0,4.5,"케냐, 에티오피아, 콜롬비아","산뜻한 산미와 꽃내음, 기분 좋은 단맛 너머로 결코 가볍지 않은 바디감과 우아함이 묻어나는 맛",라인코 원두커피,,
베러베스트 하우스블랜드,7.0,6,7,6,,4.0,"에티오피아, 브라질, 케냐",베러베스트가 많은분들께 사랑받을 수 있게 해준 시그니처 원두. 피칸의 고소한맛에 청사과의 산뜻함이 은은하게 느껴집니다. 모카포트나 에스프레소에 추천하지만 핸드드립 더치등으로도 좋습니다.,베러베스트,,
베러베스트 블랜드 다크,9.0,4,8,9,,5.0,"콜롬비아, 케냐, 브라질",묵직하고 깊은 맛에  다크 초콜릿의 향이 느껴지는 블랜딩. 호불호 없이 누구나 좋아할 수 있는 커피를 위해 새롭게 선보이는 제품입니다. 산미가 적은 커피를 찾으시는 분들에게 추천합니다.,베러베스트,,
베러베스트 너티 블랜드,6.0,4,8,8,,4.5,"과테말라, 브라질",고소한 맛에 고소한 맛을 더한 원두! 적은 산미에 곡물류의 고소함과 견과류의 고소함을 함께 느낄 수 있습니다.,베러베스트,,
브라질 NY2 FC 17/18 세하도,7.0,2,6,7,,4.0,브라질,진하게 우려낸 현미차와 같은 고소한 맛과 풍부한 바디감이 특징입니다. 커피를 연하게 만들어서 고소한 맛으로 즐기는 분들에게 추천합니다.,베러베스트,,
예티오피아 예가체프 G2,7.0,8,6,5,,2.0,에티오피아,자두계열의 과일에서 느껴지는 단맛뒤에 부드러운 신맛과 꽃향이 납니다. 깔끔한 느낌과 깊은 꽃향으로 많은 여성분들께 사랑받는 원두입니다.,베러베스트,,
과테말라 SHB 안티구아,6.0,4,8,8,,4.0,과테말라,"볶은 아몬드의 고소함과 다크 초콜릿, 스모키한 향이 매력적입니다. 적은 산미에 강하고 묵직한 느낌의 커피를 좋아하는 분들에게 추천합니다.",베러베스트,,
콜롬비아 수프리모 후일라,8.0,6,6,8,,5.0,콜롬비아,우리가 흔히 기억하는 커피맛에 가장 가까운 원두입니다. 단맛과 쓴맛의 균형이 좋아서 부드러운 커피를 찾는 분들에게 추천합니다.,베러베스트,,
케냐 AA FAQ,9.0,4,7,9,,5.0,케냐,"산미를 줄이고 열대과일의 단맛, 다크초콜릿의 풍미, 묵직한 바디감이 느껴지게 볶았습니다. 진하고 다양한 향을 좋아하는 분들에게 추천합니다.",베러베스트,,
에티오피아 예가체프 코케허니 G1,9.0,8,7,5,,2.0,에티오피아,"블랙베리, 포도에서 느낄 수 있는 신맛과 다채로운 꽃향, 꿀의 풍미에 비유되는 부드러운 단맛과 바디감",베러베스트,,
과테말라 디카페인,6.0,4,8,8,,4.0,과테말라,단맛과 고소한맛이 조화롭고 바디감이 좋습니다. 과테말라 원두 특유의 스모키함이 살아있어서 매력적입니다.,베러베스트,,
콜롬비아 수프리모 디카페인,6.0,6,6,8,,5.0,콜롬비아,콜롬비아 커피의 부드러움과 구수한 맛이 그대로 살아있습니다. 익숙한 커피맛에 과하지 않은 뒷맛으로 가볍게 즐기기에 특히 좋습니다.,베러베스트,,
에티오피아 시다모 디카페인,8.0,6,6,4,,4.0,에티오피아,산뜻하고 화사하며 깔끔한 느낌의 커피입니다. 커피의 귀부인다운 에티오피아 시다모의 꽃향과 부드러운 산미가 있습니다.,베러베스트,,
베트남 로부스타 G1,6.0,2,6,6,,5.5,베트남,로부스타 품종의 대표 원산지인 베트남 로부스타는 밸런스가 고소하고 마일드하며 다크 초콜릿처럼 씁쓸한 것이 매력적입니다. 로부스타는 대표적으로 믹스커피의 주원료로도 사용되며 고소한 것이 특징인 만큼 여러 블랜드의 주원료로도 사용되고 있습니다.,커피창고,,
이든 블랜드,6.0,2,6,8,,5.5,,"착하고 어진' 이란 뜻을 가진 순우리말 이든. 신맛이 거의 없으며, 곡물에서 느껴지는 구수함 뒤에 훈연된 나무에서 느낄 수 있는 스모키함과 독특한 향미 커피가 가진 본연의 쓴맛이 특징인 가성비 좋은 커피입니다.",커피창고,,
다크 블랜드,6.0,2,4,8,,6.5,,다크 블랜드는 커피 본연의 쓴맛이 진하게 느껴지지만 불쾌한 쓴맛이 아니라 다크초콜릿에서 느껴지는 쌉싸름함과 풍미가 좋은 커피입니다. 캬라멜의 단맛과 땅콩처럼 고소하면서 버터처럼 바디감이 좋은 커피입니다.,커피창고,,
코소롱 블랜드,6.0,4,6,6,,5.5,,"코소롱은 '고소하다' 의 제주도 방언으로, 이름에 걸맞게 견과류, 비스킷의 고소한 맛, 향미가 특징이며 코코아의 은은한 풍미, 단맛이 큰 특징인 블랜드입니다.",커피창고,,
달보드레 블랜드,6.0,6,6,6,,5.5,,"블랜드 '달보드레'는 순수 우리말로써 ""달달하고 부드럽다"" 라는 뜻을 지니고 있습니다. 은은한 군고구마의 향미에 흑설탕의 달달하고 감칠맛 나는 행복감을 주는 블랜드 커피입니다.",커피창고,,
오롯이 블랜드,6.0,4,6,6,,6.0,,"우리 고유 표현 중 '오롯이'는 '모자람 없이 온전하게'라는 뜻입니다. 모자람도 치우침도 없이 '오롯이' 맛의 균형을 잡고 있는 웰 밸런스의 매력적인 블랜드입니다. 라떼와도 잘 어울리는 블랜드이며, 코끝에서 전해오는 모카, 바닐라 향과 균형 잡힌 플레이버와 중후한 바디감을 선사합니다.",커피창고,,
케냐 AA,6.0,6,6,6,,5.5,,케냐 AA는 자몽 같은 과일 산미와 당밀 특유의 향미와 단맛이 은은하게 입안 가득 퍼집니다. 캬라멜의 부드러운 풍미와 여운을 느낄 수 있는 좋은 커피입니다.,커피창고,,
케냐 피베리,6.0,6,6,6,,5.0,,"피베리는 전체 커피나무에서 10% 정도만 나오는 변종인데, 이 기형적인 원두를 총칭해 ‘피베리(Peaberry)’ 라고 합니다. 그 맛이 독특하고 강해서 피베리 원두는 정상적인 원두보다 특색이 강하고 비싸게 팔리기도 합니다. 케냐 피베리는 오렌지의 시트러스한 산미가 특징이며 버번 품종과 비슷한 아몬드, 피넛과 같은 견과류의 향미가 나며 케냐 원산지 답게 조청과 갈색설탕 처럼 달콤한 풍미와 여운으로 산미, 단맛, 쓴맛 밸런스가 좋은 커피 입니다.",커피창고,,
에티오피아 예가체프 G2,6.0,6,6,4,,4.5,,"에티오피아 예가체프는 ""커피의 귀부인"" 이라는 칭호로 에티오피아에서 유명한 커피입니다. 다른 커피 생산국들보다 과실향이 풍부하고, 레몬이나 감귤류의 시트러스 한 산미를 가지고 있으며, 은은한 자스민과 같은 꽃 향을 가지고 있습니다.",커피창고,,
에티오피아 시다모 G2,6.0,6,6,4,,5.0,,"에티오피아 시다모는 깊고 묵직한 향미와 산미를 갖고 있어 ""커피의 공작"" 으로도 불립니다. 시다모는 레몬의 산미와 코코아의 풍미로 부드러운 느낌의 연출과 은은하게 퍼지는 레드와인류의 단맛, 씁쓸함을 함께 느끼 실 수 있습니다. 또, 상대적으로 낮은 카페인을 갖고 있어 저녁에 마시기에도 부담이 없는 커피입니다.",커피창고,,
브라질 세하도 파인컵 NY2,4.0,4,6,6,,5.0,,"전 세계 커피 생산량 1위 브라질. 고소한 너트 향기, 캬라멜의 단맛, 산뜻한 산미가 적당한 균형을 이루며 그 산미 역시도 자연스럽고 가벼운 것이 특징입니다. 적절한 바디감에 로스팅 강도에 따라 다양한 맛이 표현되는데 마일드 커피의 대명사 콜롬비아 수프리모에 버금가는 커피입니다. 배전 포인트에 따라서 신맛, 단맛, 쓴맛의 밸런스가 있는 싱글 커피의 우수함을 보여주기도 하고 때로는 개성이 넘치지 않아 다른 원두와의 조화가 좋아서 블렌딩 베이스로 충분한 역할을 해주는 원두입니다.",커피창고,,
브라질 옐로우 버번,6.0,4,6,6,,5.0,,"옐로우라는 이름에 걸맞게 커피체리의 색이 노란색을 가진 것이 옐로우 버번입니다. 맛은 밝고 깔끔한 산미가 특징이며, 견과류의 향미가 입과 코에 매력적으로 다가오며 잘 익은 농후한 감귤류의 산미가 입안 가득 매꿔지는 게 특징입니다.",커피창고,,
콜롬비아 수프리모,6.0,4,6,6,,5.5,,"최고의 콜롬비아 커피는 생두 스크린 사이즈가 크고, 부드러운 맛과 향으로 유명해 '아침을 시작하는 커피'로 적합한 마일드 커피의 대명사이기도 합니다. 지속적으로 올라오는 단맛과 체리와 부드러운 초콜릿의 향, 과일류의 산미가 밸런스를 이루고 있습니다. 적당한 바디감과 과하지 않는 쓴맛이 커피의 풍미를 유지시켜 주며 커피가 식었을 때에도 맛의 변화가 적으며 여운이 긴 것이 특징으로 콜롬비아 수프리모 특유의 향을 오래 느낄 수 있습니다.",커피창고,,
과테말라 안티구아,6.0,4,6,6,,6.0,,"과테말라 커피는 커피 원두 종류 중에서도 중후한 바디감을 느낄 수 있고, 다크초코의 쌈싸름함과 진한 스모키 향과 뛰어난 풍미, 블랙커런트의 감칠맛과 부드러운 단맛이 특징입니다. 또, 중후한 무게의 바디감으로 고급 스트레이트 커피나 블렌드 커피 모두에 사용되는 커피입니다.",커피창고,,
코스타리카 따라주 SHB,6.0,6,6,4,,5.0,,"입안을 가득 메꾸는 듯한 사탕수수의 단맛과 고소한 견과류의 향미가 특징입니다. 열대과일의 산미를 느낄 수 있고, 깔끔한 애프터와 가볍지 않은 바디감을 가지고 있어 스트레이트 커피로도 훌륭한 커피입니다.",커피창고,,
인도네시아 만델링 G1,6.0,4,6,8,,6.0,,"인도네시아 만델링은 유럽에서 인기가 좋습니다. 중남미 커피에 비해 부드러우면서 바디감이 강한 농도를 가지고 있으며, 수마트라 섬의 특별한 토양으로 인하여 거친 흙 내음과 스파이시한 향이 있으며 고소하고 달콤한 맛이 특징입니다. 개성 있는 커피 맛을 원하는 사람에게 맞는 커피로 뒷맛의 여운이 오래도록 남는답니다. 묵직한 농도와 초콜릿 같은 풍미로 '세계에서 가장 풍부한 농도의 아라비카'라는 평을 받기도 했습니다.",커피창고,,
인도 마이소로 너깃 엑스트라 볼드,6.0,4,6,6,,5.5,,"인도 마이소르는 달콤하고 부드러운 오렌지류의 산미와 밀크초콜릿의 바디감, 견과류 특유의 향과 고소함으로 인도에서 생산되는 최상급 커피로써 싱글 오리진과 블랜드로 마셨을 때 각 매력을 느낄 수 있는 커피입니다.",커피창고,,
에티오피아 코케허니 G1,8.0,8,6,4,,4.0,,"꿀과 같은 단맛과 잘 익은 과일의 산미' 당도 높은 체리, 꿀과 같은 단맛이 좋으며 딸기, 블루베리에서 느낄 수 있는 베리류의 산미가 특징. 목 넘김이 부드럽고 마신 후에는 바닐라와 같은 달콤한 맛이 입안에 오래 남습니다. 에티오피아 고산지대와 기후에서 오는 과일의 산미와 허니 프로세싱의 가공 방식의 장점인 단맛이 잘 어우러져 커피가 가진 단맛, 신맛, 쓴맛의 밸런스가 좋습니다. 한마디로 표현하자면 과육이 많은 달콤한 과일의 맛과 잘 익은 딸기를 먹는 것 같은 느낌!",커피창고,,
파나마 에스메랄다 팔미라 에스테이트,6.0,6,6,6,,5.0,,"균형미가 좋으면서 달콤하고 부드러운 컵 테이스트를 가지고 있습니다. 바닐라, 견과류의 향미가 주로 느껴지는 한편 밀크 초콜릿, 캬라멜과 같은 애프터 테이스트가 오래 남습니다. 과실류의 은은한 산미와 바디감이 제법 두텁고 무거운 편이라 전체적으로 목 넘김이 아주 부드럽고 달콤합니다.",커피창고,,
디카페인 콜롬비아,4.0,4,6,6,,6.0,,"디카페인 콜롬비아는 일반 콜롬비아 커피 못지않게 다른 매력을 느낄 수 있습니다. 흔히 잘 알려져 있는 콜롬비아 수프리모 커피는 마일드하고 남녀노소 가리지 않는 중후한 매력을 갖고 있다면, 디카페인 콜롬비아는 오렌지와 같은 풍부한 과육의 단맛이 연출되며, 캬라멜 팝콘과 같은 달콤하고 고소한 풍미, 그리고 구운 아몬드 특유의 향이 특징입니다.",커피창고,,
디카페인 브라질,6.0,4,6,6,,5.0,,감귤류의 산미와 단맛이 은은하게 올라오고 호박 고구마의 달콤한 향미와 초콜릿의 부드러운 풍미가 함께 묻어 나오며 브라질 커피답게 전체적인 균형 잡힌 밸런스가 좋아서 부담 없이 먹을 수 있는 매력이 있습니다.,커피창고,,
디카페인 과테말라,6.0,4,6,6,,6.0,,"커피의 대명사 과테말라답게 잘 어우러진 바디감을 느낄 수 있습니다. 블랙커런트같이 과테말라 특유의 감칠맛을 느낄 수 있으며, 땅콩과 같은 견과류의 고소함과 동시에 부드러운 갈색 설탕과 같은 단맛이 올라옵니다.",커피창고,,
베트남 블루드래곤 로부스타 워시드 G1,7.0,6,7,8,7.0,5.5,베트남,은은한 단맛이 느껴지는 커피입니다. 수세식으로 가공되어 보다 균일하고 깔끔한 에프터테이스트(끝 맛)를 선사합니다.,레스트빈,,
마일드 블렌드,7.0,7,7,7,7.0,5.5,"브라질, 베트남, 베트남",묵직한 바디감과 부드러운 산미가 잘 조화되어 맛의 균형을 잘 살린 원두로써 가장 인기있는 상품입니다.,레스트빈,,
모카 블렌드,6.0,6,6,7,6.0,5.5,"브라질, 에티오피아, 베트남",고소하면서도 부드러운 단맛과 쌉싸름함이 어우러진 커피를 적정하게 블렌딩한 커피입니다.,레스트빈,,
헤이즐넛 향커피,8.0,6,6,7,6.0,5.5,베트남,베트남 원두를 베이스로 헤이즐넛 향을 가미하여 헤이즐넛의 고소함과 풍부한 향미를 느낄 수 있는 커피입니다.,레스트빈,,
아일리쉬 향커피,8.0,6,6,7,6.0,5.5,베트남,베트남 원두를 베이스로 아일리쉬 향을 가미하여 아일리쉬 특유의 위스키함과 크림 향미가 적절하게 어우러진 커피입니다.,레스트빈,,
리치블렌드,6.0,6,4,6,6.0,5.5,"브라질, 과테말라, 베트남",묵직한 바디감과 쌉싸름함이 잘 조화된 커피로 균형잡힌 블렌딩 커피입니다.,레스트빈,,
바닐라 향커피,8.0,6,6,7,6.0,5.5,베트남,바닐라 향커피는 아로마향 처럼 기분을 좋게 만들며 입안에 감도는 달콤한 맛과 부드러우면서도 고소한 향미를 느낄 수 있는 커피입니다.,레스트빈,,
브라질 세하도 NY-2 17-18,7.0,4,7,8,7.0,5.5,브라질,"묵직한 바디감의 커피이며, 브라질 커피의 특징을 제일 잘 표현해주는 커피입니다. 처음 접하는 분들에게 무난한 원두입니다.",레스트빈,,
레스트빈 블렌드,5.0,4,4,6,6.0,5.5,"브라질, 콜롬비아, 베트남",각 원두의 맛과 향미를 배합하여 뀬형잡힌 원두로 레스트빈만의 노하우가 담긴 커피입니다.,레스트빈,,
블루마운틴 블렌드,7.0,6,5,6,6.0,5.5,"콜롬비아, 탄자니아, 베트남","부드러운 산미와 단맛, 쓴맛, 감칠맛으로 조화가 뛰어나며 완성도가 높은 블렌딩 커피입니다.",레스트빈,,
허니 블렌드,6.0,6,5,6,6.0,5.5,"베트남, 베트남","풍부한 향미와 뛰어난 바디감, 쌉싸름한 맛이 어우러진 블렌딩 커피입니다.",레스트빈,,
베트남 아라비카 G1,7.0,5,5,7,6.0,5.5,베트남,"부드러운 깔끔한 에프터테이스트를 느낄 수 있으며, 누구나 편하게 마실 수 있는 커피입니다.",레스트빈,,
에스프레소 블렌드,6.0,4,4,6,6.0,6.5,"콜롬비아, 베트남, 베트남",진한 에스프레소에 맞는 적절한 조화를 이룬 커미를 원하시는 분들께 맞도록 블렌딩한 커피입니다.,레스트빈,,
아이스 블렌드,6.0,6,6,7,6.0,5.5,"콜롬비아, 브라질, 베트남",더운 여름 커피의 진한 향미와 맛을 시원하게 즐길 수 있는 아이스 블렌딩 커피입니다.,레스트빈,,
에티오피아 시다모G4,6.0,7,6,6,6.0,5.5,에티오피아,"묵직한 바디감과 약간의 와인 맛속에 베리류의 산미를 가지고 있는 커피이며, 풍부한 커피 향미를 느낄 수 있습니다.",레스트빈,,
로얄 블렌드,6.0,6,6,7,6.0,5.5,"브라질, 인도네시아, 베트남","고소한 향미와 맛, 쌉싸름한 맛이 어울러져 누구나 접할 수 있는 블렌딩 커피입니다.",레스트빈,,
에티오피아 예가체프 G4,7.0,6,6,6,6.0,5.5,에티오피아,각종 베리류의 향미와 차를 먹는 듯한 가벼운 바디와 깔끔한 후미(뒷맛)을 가지고 있으며 은은한 단맛을 느낄 수 있습니다.,레스트빈,,
파푸아 뉴기니 A,7.0,7,6,7,7.0,5.5,파푸아 뉴기니,"부드럽고 깔끔한 풍미와 섬세한 향미, 감칠맛이 좋은 고급스러운 커피입니다.",레스트빈,,
인도 몬순 말라바 AA,6.0,6,7,8,7.0,5.5,인도,은은하게 느껴지는 다크초콜릿의 단맛을 느낄 수 있는 커피입니다.,레스트빈,,
과테말라 SHB,7.0,7,7,7,8.0,5.5,과테말라,월넛과 같은 견과류의 고소한 향미와 카라멜의 단맛이 어우러진 커피입니다.,레스트빈,,
멕시코 알투라 SHG 워시드,7.0,7,7,8,7.0,5.5,멕시코,"가벼운 바디감과 낮은 산미, 커피 특유의 단맛으로 백포도주를 연상케하여 처음으로 커피를 접하시는 분들에게 커피를 시작하는 계기를 만들어주는 커피입니다.",레스트빈,,
에티오피아 예가체프 G2 워시드,8.0,8,6,7,7.0,5.5,에티오피아,"꽃내음이 가득한 아로마, 달콤한 산미, 부드러운 바디감으로 마시고 난 후 여운이 남는 커피입니다.",레스트빈,,
콜롬비아 슈프리모 후일라,7.0,6,6,6,6.0,5.5,콜롬비아,견과류의 고소함과 크림같이 부드러운 목넘김을 지닌 커피로써 누구나 부담없이 즐길 수 있는 커피입니다.,레스트빈,,
인도네시아 만델링 G1,7.0,6,6,8,7.0,5.5,인도네시아,묵직한 바디감을 더해주는 커피입니다.,레스트빈,,
온두라스 SHG,7.0,7,7,7,7.0,5.5,온두라스,다크 초콜릿의 단맛으로 잘 조화된 커피입니다.,레스트빈,,
엘살바도르 팬시 SHG 워시드,7.0,7,7,8,7.0,5.5,엘살바도르,마일드하면서도 입안에서 도는 기분 좋은 커피 향미와 달콤한 목넘김이 좋은 커피입니다.,레스트빈,,
스페셜 블렌드,7.0,7,8,8,7.0,5.5,"콜롬비아, 멕시코, 브라질",오렌지를 연상케하는 적절한 산미와 단맛이 잘 어우러져 풍부한 커피 향미를 느낄 수 있는 블렌딩 커피입니다.,레스트빈,,
니카라과 SHG,7.0,7,7,8,7.0,5.5,니카라과,"다양한 향미와 우수한 바디감, 깔끔한 에프터테이스트(뒷맛)으로 니카라과만의 특징을 지닌 커피입니다.",레스트빈,,
코스타리카 SHB,7.0,6,7,7,7.0,5.5,코스타리카,"오렌지, 레몬의 산미와 균형감있는 바디감으로 누구나 부담없이 즐길 수 있는 커피입니다.",레스트빈,,
탄자니아 킬리만자로 AA,7.0,8,7,7,7.0,5.5,탄자니아,견과류 향기가 두드러지는 커피로 커피 애호가들 사이에서 큰 인기를 얻고 있습니다.,레스트빈,,
케냐 AA,8.0,8,6,8,7.0,5.5,케냐,너트류의 고소함을 더하여 풍부한 커피향미를 느낄 수 있는 커피입니다.,레스트빈,,
모닝 블렌드,6.0,6,5,5,5.0,5.5,"브라질, 온두라스, 콜롬비아",100% 아라비카 원두로 블렌딩하여 깊은 향과 고소하면서도 약간의 단맛과 깊고 부드러운 맛이 특징이기에 모닝 커피로 제격입니다.,레스트빈,,
문 블렌드,7.0,7,7,7,7.0,5.5,"콜롬비아, 브라질, 에디오피아, 과테말라",각 산지별 원두 고유의 맛과 향미를 살려 4가지 싱글 오리진 원두를 최상의 비율로 블렌딩한 커피입니다.,레스트빈,,
스타 블렌드,6.0,6,5,5,6.0,5.5,"에티오피아, 브라질, 베트남",고소하면서 쌉쌀한 맛과 은은한 산미까지 더해져 무난한 맛으로 대중적으로 인기있는 커피입니다.,레스트빈,,
바리스타 블렌드,6.0,6,5,6,6.0,5.5,"브라질, 과테말라, 파푸아 뉴기니",고소함과 단맛의 조화로 아라비카종의 원도 본연의 맛과 향을 느낄 수 있는 블렌딩 커피입니다.,레스트빈,,
브라질 블렌드,6.0,6,6,5,6.0,5.5,"브라질, 온두라스, 베트남",아몬드 향미와 은은한 단맛과 고소하면서 산미까지 더해져 무난한 맛으로 대중적으로 인기있는 커피입니다.,레스트빈,,
에티오피아 블렌드,6.0,6,5,6,6.0,5.5,"에티오피아, 베트남, 베트남","고소하면서 적당한 산미와 쌉싸름한 맛이 어우러져, 함께 즐기실 수 있는 커피입니다.",레스트빈,,
콜롬비아 블렌드,6.0,6,5,5,6.0,5.5,"콜롬비아, 브라질, 베트남",목넘김이 부드러우면서 아몬드 같은 향미와 구수하면서 은은한 단맛이 느껴지는 커피입니다.,레스트빈,,
디카페인 에티오피아 짐마,8.0,8,8,6,8.0,5.5,에티오피아,"청포도의 가벼운 산미와 깨끗한 애프터가 특징이며, 무겁지 않은 바디감으로 부드러운 목넘김이 좋은 커피.",레스트빈,,
디카페인 콜롬비아,8.0,8,7,6,8.0,5.5,콜롬비아,살구의 감칠맛과 에이드의 새콤달콤한 향미가 특징입니다. 카라멜의 단맛이 좋고 전체적인 밸런스가 잘 잡힌 커피.,레스트빈,,
디카페인 과테말라,8.0,7,7,7,8.0,5.5,과테말라,레몬 계열의 밝은 향미와 아몬드의 고소함이 특징입니다. 깨끗한 향미와 당밀계열의 단맛이 있는 커피.,레스트빈,,
디카페인 브라질 산토스,7.0,7,8,7,8.0,5.5,브라질,감귤류의 신맛과 카라멜의 단맛이 특징입니다. 볶은 땅콩의 고소한 향미를 가진 커피,레스트빈,,
진양조,,2,6,6,,6.0,"브라질, 인도, 콜롬비아",진한 풍미가 좋은 다크로스팅 블렌드. 호두의 너티함을 베이스로 옥수수와 같은 구수한 후미가 인상적인 커피입니다.,스탠딩커피,,
클래식 에스프레소,,2,8,10,,7.0,"브라질, 과테말라, 콜롬비아",카카오를 씹은 듯 쌉싸름한 맛 뒤에 고소한 달콤함이 어우러진 묵직한 커피입니다.,리플렉트 커피 로스터스,,
오닉스 블렌드,,4,8,8,,6.0,"브라질, 콜롬비아, 인도네시아","짙은 바디감과 고소함이 잘 느껴집니다. 흑설탕 같은 단 맛이 좋으며 마무리는 깔끔합니다. 따뜻한 커피는 식어서도 풍미가 좋으며, 차가운 커피는 희석되도 그 힘을 잘 유지합니다.",필리그리커피,,
디카페인 올 데이 블렌드,,4,6,10,,7.0,"과테말라, 브라질, 에티오피아","남녀노소 누구나 좋아할 수 밖에 없는, 가을의 향기가 느껴지는 고소하고 마일드한 국민커피입니다.",디카커피랩,,
엘 카미노,,2,8,6,,6.0,"브라질, 콜롬비아, 과테말라","길을 잃고 헤매이는 이들에게 표지판이 되고 싶은 피어의 바램을 담은 커피입니다. 첫모금에 느껴지는 달콤한 초콜릿의 풍미와 후미에 남는 은은한 견과류의 고소함, 클린 한 질감을 가지고 있는 미디엄 다크 로스팅 타입의 커피입니다. 호불호가 비교적 적고, 모두가 편안하게 즐길 수 있는 맛을 지향하고 있습니다.",피어 커피로스터스,,
디카페인 에티오피아 예가체프 워카 내추럴 스위스 워터,,4,8,8,,7.0,에티오피아,센터커피는 디카페인은 맛이 없다라는 편견을 깨기위해 퀄리티 좋은 생두 선별에 오직 물로 카페인을 추출하는 스위스 워터 방식의 디카페인 공정을 거친 커피를 센터커피만의 로스팅 기법으로 풀어내었습니다. 커피 본연의 맛과 향을 최대한 살린 센터커피 디카페인 커피는 카페인 섭취에 부담을 느끼시는 분들이 편하고 부담 없이 드실 수 있습니다. 캐러멜의 단맛이...,센터 커피,,
데일리스윗,,4,8,8,,6.0,"브라질, 과테말라",중남미 블렌딩으로 깊이 있는 단맛과 초콜렛티함이 조화롭게 어우러진 하우스 블렌드 입니다. 편안한 커피에 초점을 두고 매일 마셔도 기분좋은 달콤함을 담아냈습니다.,언더프레셔,,
비터스윗 라이프 에디션1,,4,8,8,,6.0,"인도, 에티오피아, 콜롬비아","커피몽타주의 첫번째 에스프레소 블렌딩, 'A Bittersweet Life' 이름에서처럼 쓴맛과 단맛의 조화가 매력적인 블렌딩입니다. 인도와 콜롬비아, 아프리카 생두의 맛을 조화시켜 에스프레소의 풍부한 바디감, 달콤함, 그리고 쌉쌀하면서 달콤한 Aftertaste를 맛보실 수 있습니다. 특히, 우유가 들어간 Variation 음료에 강점이 있는 블...",커피 몽타주,,
뉴커먼,,4,6,8,,6.0,"콜롬비아, 코스타리카, 브라질",견과류의 고소함을 베이스로 깊은 바디감이 잘 어울리는 균형감이 좋은 블렌드입니다. * 이일용 로스터의 한마디 * 산미가 아예 없진 않고 아이스 아메리카노로 마셨을 때 전체적인 밸런스를 받쳐주는 정도의 긍정적인 산미가 있습니다. 뜨거울 때는 느껴지는 부분이 미비합니다. 5년간 스테디 셀러로 판매되고 있는 뉴커먼 블렌드는 저희 커넥츠커피가 자신있게 추천...,커넥츠커피,,
나이트아울 블렌드,,4,10,8,,5.0,"과테말라, 콜롬비아",갈색이 떠오르는 단맛이 풍부한 블렌드 입니다. 매일 마셔도 좋은 단골 고객을 위한 커피 입니다.,앤써커피,,
W 블렌드,,2,4,10,,7.0,"베트남, 브라질, 인도","깊은 바디감과 후미에 중점을 둔 강배전의 블렌딩 원두입니다. 다크초콜릿과 스모크 향이 만나서, 깊은 바디감을 만들며 카카오 닙스의 쓴맛을 가진 것이 특징입니다.",리플로우 커피 로스터스,,
쏘굿블렌드,,2,10,8,,6.0,"산토스, 시다모, 라스","다크 로스팅을 거친 SO GOOD 블렌드는 구운 아몬드의 깊은 풍미와 카라멜, 흑설탕을 졸인 듯한 매끈하고 진한 단맛이 인상적인 커피입니다. 다크 초콜렛을 한 입 베어문듯한 긴 여운을 커피에서도 느껴보실 수 있습니다.",땡큐로스터스,,
다크 아이보리 블렌드,,2,8,10,,7.0,"브라질, 콜롬비아",기름진 견과류의 느낌과 진하고 어두운 늬앙스의 커피입니다.,180커피로스터스,,
에티오피아 예가체프 게이샤 G1 내추럴,,8,8,6,,2.0,에티오피아,"첫 한모금에 상큼한 포도의 기분좋은 산미와 함께 화이트와인과 같은 깔끔한 느낌에 마지막 입안 가득 남는 꽃향기로 여운 짙은 커피로, 마치 봄날 만개한 벚꽃이 생각나는 기분좋은 산미의 커피입니다. 에티오피아 아리차 농장에서 생산되는 커피 중 가장 품질이 우수한 커피를 선별하여 정말 말 그대로 에티오피아스럽고 산미를 즐기시는 고객들을 위해 세팅하기 좋...",커스프 커피,,
리버벨 블렌드 C,,6,8,6,,5.0,"브라질, 에티오피아","짙은 단맛과, 고소함, 후미의 여운까지 리버벨의 대표 블렌드 입니다.",리버벨,,
Classic Blend,,4,10,8,,6.0,"콜롬비아, 과테말라, 코스타리카",FELT가 생각하는 커피의 클래식입니다. 시대는 바뀌어도 변하지 않는 것이 있습니다. 밀크와 다크 초콜릿을 넘나드는 단맛에 은은한 산미가 더해져 맛이 단조롭지 않습니다. 견과류의 고소함이 입안을 지그시 눌러주는 균형이 좋은 에스프레소 블렌드입니다.,펠트,,
플레이어,,4,8,8,,6.0,"브라질, 콜롬비아, 인도, 에티오피아","밀크초콜릿의 진한 단맛이 특징이예요. 견과류의 고소함, 부드러운 산미가 조화롭게 어우러져요.",스티머스 커피팩토리,,
버터 슬럽 블렌드,,2,8,8,,6.0,"브라질, 과테말라, 인도",버터리한 풍미가 입안에 꽉차는 호불호 없는 갓성비 블랜드,슬러핀 커피,,
썸즈업 블렌드,,2,6,8,,6.0,"과테말라, 브라질, 콜롬비아, 에티오피아","다크 초콜렛의 단맛과 견과류의 고소함, 신맛이 적은 것이 특징으로, 고소한 맛을 한번에 표현하는 블렌딩입니다. 썸즈업의 달콤하고 진한 맛은 어떤 베리에이션으로도 잘 어울립니다.",하우트 커피컴퍼니,,
고소한쌀밥 블렌딩,,2,8,6,,6.0,"브라질, 엘살바도르","고소한 쌀밥은 우리가 매일 먹는 하얀 쌀밥을 모티브로 제작되었습니다. 어떤 음식과도 잘 어울리는 쌀밥처럼 다양한 디저트와 잘 어울리는 커피. 씹을수록 단맛이 올라오는 쌀밥처럼 고소한 향과 맛에 달콤함이 은은하게 표현되는 커피. 브라질 특유의 고소한 맛, 강배전한 워시드의 씁쓸한 맛, 약간의 신맛과 깔끔하게 떨어지는 뒷맛 모든 맛들이 어느 것 하나 ...",원더월 커피 로스터스,,
브라질 시티오 베르젬 그란데 아나에어로빅,,8,8,6,,4.0,브라질,"토피, 다크초콜릿, 딸기 잼의 농후한 단맛이 있는 커피입니다.",보난자커피 코리아,,
몽상스,,8,10,10,,5.0,케냐,달고 부드럽고 바디가 좋은 케냐 커피입니다. 특히 라떼는 정말 맛있습니다.,나무사이로,,
스윗 앤 모어,,4,8,8,,6.0,"에티오피아, 과테말라, 브라질, 콜롬비아","밸런스가 좋고, 자극적이지 않은 클린한 커피라 누구나 무난하게 즐기기 좋은 커피입니다.",토치커피,,
호이스트,,6,8,6,,5.0,"온두라스, 에티오피아, 에티오피아","커피가 가지고 있는 본연의 풍미를 최대한 살리기 위해 미디엄 로스팅 했습니다. 잘 익은 과일의 다채롭고 산뜻한 풍미, 시럽과 같은 촉감을 가진 깨끗한 커피입니다.",폰트커피,,
에티오피아 구지 우라가,,6,4,4,,5.0,에티오피아,"에티오피아 구지 우라가는 구지존의 우라가 지역의 커피로 내츄럴 가공되었습니다. 청포도와 감귤과 같은 산미가 매력적이며, 실키한 느낌의 바디감, 그리고 입안 가득 이어지는 아로마가 특징인 커피입니다.",웨이브온 커피,,
콜롬비아 모틸론,,4,8,8,,6.0,콜롬비아,고소한 견과류의 느낌과 중간정도의 바디감과 밸런스가 좋은 커피입니다. 싱글이지만 머신용으로도 적합합니다.,저스트로스터,,
소소하게 블렌드,,2,6,8,,5.0,"브라질, 베트남",브라질의 고소함과 베트남의 구수함 쓴맛을 최소화하기 위해 강하게 로스팅하지 않았습니다. (Midium Roasting 미디움 로스팅) Ice기준 16~20oz까지 커버되는 수율이 높은 원두 (라떼에 강력 추천합니다.),카페소소한사치,,
블렌드 캔디 그린,,8,6,4,,4.0,"예가체프, 콜롬비아, 과테말라","리프커피의 시그니처 블렌드로 기분 좋은 산미와 달콤함을 느낄 수 있는 블렌드입니다. 꽃과 과일의 향이 풍부한 캔디 그린은 혀에 닿았을때 부드럽게 느껴지는 감귤류의 산미와 뒤에 따라오는 카라멜, 갈색설탕의 감칠나는 단맛의 균형이 매력적입니다. 깔끔한 향과 질감, 오래도록 입안을 맴도는 단맛의 여운은 마치 맛있는 사탕을 입안에 물고있는 것 같은 느낌입니다...",리프커피,,
디카페인 콜롬비아,,6,8,8,,7.0,콜롬비아,강배전이지만 쓰지 않고 부드러운 바디와 밀크초코의 고소함을 느낄 수 있어요. 후미에 은은한 산미가 있어 발란스가 좋은 디카페인 커피입니다.,선빌리지 커피,,
BRICK 블랜드,,2,8,8,,6.0,"콜롬비아, 에티오피아, 브라질","처음에 입에 닿을때 느껴지는, 다크초콜릿의 풍미와 기분 좋게 느낄수 있는 묵직한 바디감 그리고 후미에 올라오는 달달함으로 블랙으로 드셔도, 우유와의 조합으로 드셔도 정말 좋은 블랜드입니다.",컬러드 빈,,
마리모,,2,8,8,,7.0,"브라질, 인도","식물학 커피의 써드 블렌드인 마리모는 다크초콜릿의 단맛과 쌉살한맛, 스모키함이 특징입니다. 단맛과 쌉쌀한 맛이 조화롭게 어우러져 누구나 편하게 마실 수 있습니다. 식물학 커피 로스터스에서 가장 많은 곳에 납품을 하고 있는 블렌드입니다. 그 만큼 많은 분들이 좋아하고, 대중적인 커피입니다.",식물학 커피로스터스,,
니카라과 라스 쿰브레스 워시드,,4,10,8,,6.0,니카라과,달콤한 황설탕과 초콜릿과 더불어 오렌지와 복숭아의 산미가 살짝 느껴지는 좋은 벨런스의 커피입니다. 호불호 없는 데일리한 커피입니다.,카페플롬,,
스페셜티 블렌드,,8,8,4,,5.0,"에티오피아, 에티오피아",달달한 복숭아와 오렌지가 연상됩니다 은은한 꽃향기의 여운이 느껴집니다,리밀커피,,
Nube Gris 누베그리스,,4,8,8,,6.0,"Brazil, Colombia, Guatemala, Ethiopia",부드러운 질감이 마치 구름같아요. 고소하고 깔끔해 데일리로 즐길 수 있어요.,클라리멘토,,
나이트폴 블렌드,,8,8,4,,5.0,"에티오피아, 에티오피아","""Nightfall"" 블렌드는 해질녘에 인적 드문 해안가로 나와 노을이 만드는 다채로운 색감의 바다를 바라보는 것 같습니다. 노을빛 같은 다채로운 과일의 향미와 조용히 다가오는 달달한 여운이 아쉬웠던 하루의 소소한 여유를 선물합니다.",간결 커피 로스터스,,
콜롬비아 디카페인,,2,8,8,,6.0,콜롬비아,블랙티의 향과 함께 들어오는 스카치캔디의 달콤함을 느낄 수 있습니다.,뉴웨이브 커피로스터스,,
콜롬비아 디카페인,,6,8,6,,6.0,콜롬비아,사과잼과 탠저린의 향긋함과 부드러운 화이트 초콜릿의 풍미,프레이저 커피,,
헬로 다크니스,,2,8,10,,7.0,"과테말라, 브라질, 인도","다크 초콜릿같은 달콤, 쌉싸름한 맛에 묵직한 바디가 특징입니다.",커피 앰비언스,,
잘자요 디카페인,,2,6,8,,7.0,브라질,아직도 맛없는 디카페인 커피를 드시나요? 맛있는 디카페인 커피입니다! 다크초콜릿의 풍미와 묵직한 바디감을 느껴보세요. * 강배전된 디카페인 특성상 오일이 많이 발생합니다.,오프사이트,,
젠틀레인 디카페인,,4,8,8,,6.0,"브라질, 에티오피아",깔끔하며 부드러운 단맛이 좋은 디카페인 커피입니다.,브니엘 커피로스터스,,
르네테르 블렌드,,4,8,6,,5.0,"과테말라, 온두라스, 코스타리카","달콤하고 우유와 만났을때 맛, 농도 그리고 촉감이 배가 되는 블렌드 입니다.",싸인포스트커피,,
#55-scale,,4,8,8,,6.0,"과테말라, 콜롬비아, 브라질",메이플 시럽과 고소한 맛이 느껴져요. 산미가 은은해요. 바디감까지 균형감이 좋은 커피입니다.,인더매스,,
매뉴얼,,4,8,8,,6.0,"브라질, 에티오피아, 인도네시아, 과테말라","아메리카노, 라떼 모두 잘 어울리는 블렌딩입니다. 부드럽고 은은하게 올라오는 산미와 밀크 초콜릿, 그리고 고소함을 입안에 풍부하게 안겨줍니다.",그럼블 커피로스터스,,
콜린,,4,8,8,,6.0,"인도, 콜롬비아, 코스타리카","잘 익은 체리의 농후한 단맛과 고소한 아몬드 캐러멜이 입안 가득 남는 끝 맛을 느낄 수 있어요. 블렌딩에 최적화된 좋은 생두를 선별하고, 일관성 있고 논리적인 로스팅을 추구합니다. 결점두를 직접 선별하여 패키징 하는 등 최상의 품질을 위해 노력합니다.",영앤도터스,,
더블 캐스트,,8,6,4,,4.0,"에티오피아, 에티오피아","오렌지의 기분 좋은 산미와 부드러운 단맛, 달콤한 꿀의 향기가 느껴져요.",크래커스 커피 로스터스,,
Hammock (해먹),,2,8,8,,5.0,"브라질, 과테말라","견과류,곡물의 고소함과 길게 이어지는 단맛 후미에 남는 코코아의 달콤함 라떼, 아메리카노 둘다 잘 어울리는 원두",UFO 커피로스터스,,
그레이 블렌드,,4,6,8,,6.0,"과테말라, 브라질, 콜롬비아",견과류의 고소함과 초콜릿의 단맛,레인디어,,
시그니처 블랜드 타이틀드,,6,10,6,,5.0,"과테말라, 탄자니아, 인도네시아",다크 초콜릿의 단맛과 깊고 묵직한 바디감이 느껴지는 블렌드 원두 입니다.,라운지엑스,,
일랑일랑 블렌드,,8,8,6,,4.0,"코스타리카, 에티오피아",과일 티를 마시는 듯 한 상큼하고 깔끔한 단맛 꽃 향의 여운이 길게 남는 커피,어나더룸,,
에티오피아 반코 고티티 G1 워시드,,8,6,4,,2.0,에티오피아,레몬 캔디처럼 새콤 달콤한 맛. 코 끝에 은은하게 남는 홍차의 뉘앙스가 좋아요.,한국커피,,
브라운 블렌딩 커피,,2,10,10,,6.0,"콜롬비아, 브라질, 과테말라",산미가 거의 없는 진한 다크초콜릿 음료같아요. 풍부한 바다김과 적당한 쌉쌀함이 잘 어울려요.,링크 커피 로스터스,,
이븐 블렌드,,2,6,8,,6.0,"과테말라, 에티오피아, 콜롬비아, 브라질",고소한 견과류와 묵직한 초콜릿 단맛이 느껴지는 커피로 여운이 길고 밸런스가 좋아요.,오드이븐,,
돌담in애월,,4,10,10,,6.0,"브라질, 콜롬비아, 과테말라, 르완다","매서운 제주의 바닷바람을 묵묵히 막아주는 돌담의 모습을 형상화하였습니다. 고소하고 바디감 좋은 중남미 원두들에 르완다 이심비를 추가하여, 다크초콜렛과 흑설탕의 기분 좋은 단맛과 긴 여운을 주는 바디감, 치우침 없는 균형감을 추구합니다.",하늘에커피,,
알렉세이션,,6,8,6,,5.0,"에티오피아, 과테말라","은은한 향미와 최대한의 단맛이 끌어올려진 에티오피아 원두와 아몬드계열의 고소함,묵직한 바디,깨끗함을 느낄수 있는 과테말라 원두가 조화롭게 섞인 균형감 있는 커피입니다.",알렉스더커피,,
77도 블렌드,,2,8,8,,6.0,"과테말라, 브라질, 인도네시아","77도 블랜드를 마셨을 때 입안에 감기는 바디감이 훌륭하며 분쇄 하였을 때 고소한 견과류나 기름진 베이컨의 향미가 일품입니다. 커피를 마시고 느끼는 애프터는 고소함으로 입안을 가득 채우며, 끝에 쓴맛보다 고소함이 남아 기분이 좋아지는 커피입니다.",55도 커피로스터스,,
포스트업,,2,10,10,,7.0,"브라질, 과테말라",초콜릿처럼 견고하고 묵직한 단맛과 쌉싸름함을 중심으로 약간의 산미가 조화를 이루어 안정적이고 좋은 여운을 느낄 수 있습니다.,히떼 로스터리,,
에티오피아 리무 볼렌소,,6,10,10,,6.0,에티오피아,"내추럴 프로세싱 특유의 건포도 향미가 선명히 느껴지며, 좋은 클린컵의 부드러운 산미는 오렌지의 향미로 느껴집니다. 부드러운 질감과 묵직한 초콜릿의 단맛이 긴 여운을 남기는 복합적인 향미와 단맛의 여운이 좋은 커피입니다.",베르크 로스터스,,
문래 블렌드,,2,10,10,,6.0,"에티오피아, 브라질","문래블렌드는 밀크 베리에이션 블렌드로, 우유와 특히 잘 어울리는 라떼 전용 블렌드 커피입니다. 견과류의 고소함과 딸기의 향긋함이 더해진 산뜻함이 특징입니다.",보사노바 커피로스터스,,
공단향 블렌드,,4,10,8,,7.0,"콜롬비아, 에티오피아, 케냐","“502커피로스터스는 2009년 가산디지털단지에서 시작되었습니다” 지금은 IT산업의 메카인 가산디지털단지, 구로디지털단지가 ‘구로공단’으로 명명되던 힘든 시절이 있었습니다. 구로공단은 노동집약적 섬유, 봉제업체가 주를 이룬 국가 주도 하의 수출산업단지였습니다. 근로자들은 시골에서 상경한 젊은이들로 가난에 밀려 서둘러 가장이 된 우리의 어린 누이와 ...",502 커피로스터스,,
BACS 다크 블렌드,,4,6,8,,7.0,"에티오피아, 콜롬비아, 과테말라","과테말라, 콜롬비아, 에티오피아를 배합한 박스프레소의 기본 블렌드 커피입니다. 강하지 않은 산미와 묵직한 바디감, 깔끔한 뒷맛과 기분 좋은 애프터테이스트를 가졌습니다. BACS에서 제공하는 가장 대중적인 블렌드 중 하나입니다.",BACS,,
어느푸른저녁,,6,8,6,,5.0,"에티오피아, 콜롬비아, 에티오피아, 콜롬비아",베리류의 산미와 다크 초콜릿과 흑설탕의 단맛을 느낄 수 있습니다. 다양한 향미를 가졌으며 깨끗한 목 넘김과 긴 여운을 느낄 수 있어요.,애크로매틱 커피 컴퍼니,,
반달 베어 블랜딩,,2,10,10,,6.0,콜롬비아,밀크 초코렛 맛을 가진 시럽과 소스에 가장 잘 어울리는 고소하고 묵직한 블랜딩 원두 입니다.,커피볶는곰,,
트로피칼 플라워 게이샤 무산소,,8,8,6,,2.0,콜롬비아,이국적인 꽃들과 열대과일의 맛들이 특별함을 선사합니다.,수수커피,,
릴렉스 블렌드,,2,10,8,,5.0,"Santa, Supremo, SHB","포도와 초콜릿의 맛이 입 안을 채우고, 다 마시고 나면 입 안에 비스킷같은 고소함이 남습니다. 누가 마셔도 편안하고 즐길 수 있는 블렌드입니다.",헬퍼 스튜디오,,
라까프 에스프레소 블렌드,,6,8,8,,6.0,"Phu, Ngoc, Vuong",크랜베리 피칸파이의 풍미와 크리미한 다크초콜릿의 향미가 층층이 쌓인 듯한 느낌의 에스프레스용 블렌드입니다. 화이트 커피로 즐기시면 견과류의 맛이 더욱 부각됩니다.,라까프,,
밀밭,,8,8,8,,4.0,"YUNNAN, ETHIOPIA, COLOMBIA, KENYA","시트러스 과일의 맛과 말린 대추의 달달함, 부드럽고 크리미한 질감. 깔끔한 뒷맛의 여운을 남게 합니다.",오이르 로스터스,,
올드스쿨(Old School),,4,10,8,,7.0,"Ethiopia, India, Brazil","설탕 두 스푼과 함께 한 에스프레소는 어린시절, 학교 앞 노점상에서 노릇하게 구워지던 달고나를 떠오르게 합니다. 달콤쌉싸름한 휴식이 필요하다면 ‘올드스쿨’과 함께 하세요. Oldies but Goodies!",그린마일커피,,
포트리스 블렌드,,4,8,8,,6.0,"브라질, 콜롬비아","농밀하고도 묵직한 맛이 인상적이며 구운견과의 늬앙스, 고소하고 쌉싸름한 다크초콜릿의 진득한 풍미가 처음부터 끝까지 유지되는 단순함이 특징입니다. 수원 화성 안을 거니는 휴식의 순간처럼 온전한 쉼의 기분을 선사하는 커피입니다.",노스모크위드아웃파이어,,
블렌드 슈퍼 노멀,,4,10,8,,6.0,"콜롬비아, 인도네시아, 브라질",묵직하되 그 묵직함이 과하지 않고 선명한 단맛을 지녔습니다. 다크한 초콜릿 맛과 미미한 산미가 좋은 밸런스를 느끼게 합니다. 데일리 커피로서 역할을 잘 해내리라 자부합니다.,프로토콜 로스터스,,
콜롬비아 수프리모 SW 디카프,,4,6,4,,5.0,콜롬비아,비스킷 같은 고소하고 달콤한 향에 부담스럽지 않은 산미가 부드럽게 퍼집니다.,디카프워크룸,,
하드워커,,4,8,6,,6.0,"브라질, 과테말라, 콜롬비아",열심히 하루를 살아가는 우리에게 달콤 쌉싸름한 커피 한잔은 큰 힘이 되죠 바쁜 일상 속 그 사이의 작은휴식 하루를 버틸 수 있는 원동력을 주는 한 잔이 될꺼에요!,차군커피로스터스,,
그 해 겨울,,6,10,8,,5.0,"코스타리카, 과테말라, 에티오피아","은은한 산미, 헤이즐넛, 초콜릿의 단맛 등 복합적인 향과 좋은 밸런스를 지닌 커피입니다.",안녕 가비 커피로스터스,,
이탈리안잡 블렌드,,4,8,8,,6.0,"콜롬비아, 엘살바도르",이태리 북부스타일 에스프레소에 대한 오마주로 달콤 쌉싸름한 맛입니다.,엘 카페 커피로스터스,,
도화 블렌드,,6,8,8,,5.0,"콜롬비아, 에티오피아, 과테말라",다크초콜릿 속에 말린 과일의 진한 단맛과 은은한 꽃향기가 남습니다. 레드와인을 닮아 밸런스가 좋아요.,도화아파트먼트,,
레스벗베러,,2,10,8,,7.0,"과테말라, 콜롬비아, 브라질","블렌드명처럼 단순하고, 심플하지만 우리에게 가장 익숙한 대중적인 맛을 추구하고 있습니다. 중남미 생두로 구성해 고소하며 카라멜 단맛이 느껴지고, 다크 초콜릿의 묵직한 바디감이 느껴져요.",베러로스팅랩,,
Blend N.4,,2,8,8,,7.0,"브라질, 과테말라, 인도네시아",구운 너트류의 고소함과 깊은 바디감을 가진 커피. 다크초코렛의 후미까지 느낄 수 있는 단맛 중심의 블렌드 입니다.,스탠딩커피,,
콜롬비아 디카페인 에스프레소,,2,10,8,,7.0,콜롬비아,다크 초콜릿의 단맛과 감초의 스파이시함 블랙티의 여운이 좋습니다.,리플렉트 커피 로스터스,,
카넬리안 블렌드,,4,8,6,,6.0,"과테말라, 인도, 에티오피아",녹진하게 느껴지는 초콜릿 뉘앙스 뒤에 고소함이 잘 나타납니다. 입안에 남는 단 향의 마무리가 좋으며 텁텁하지 않은 깔끔함이 좋습니다.,필리그리커피,,
아이보리 블렌드,,6,8,8,,6.0,"브라질, 콜롬비아",고소한 구운 견과류의 늬앙스 그리고 우유와 만났을때의 달달함으로 데일리커피로 딱 알맞은 커피입니다.,180커피로스터스,,
프라이데이,,6,8,10,,6.0,"콜롬비아, 에티오피아, 브라질","다크 블렌드 커피로, 단맛과 바디감에 초점을 둔 커피입니다. 라와 밀크베이스 커피에도 잘 어울리며, 베이커리, 디저트용 커피로써도 훌륭합니다.",센터 커피,,
과테말라 안티구아 디카페인,,2,8,8,,7.0,과테말라,다크초콜릿의 단맛과 묵직한 바디감이 느껴집니다.,리버벨,,
웰컴블렌드,,2,8,8,,6.0,"브라질, HU-10, 코케","편안한 커피 한잔으로 시작하는 하루를 선물합니다. 견과류의 고소함과 단맛은 누구나 이 커피를 즐기기에 충분합니다. 밀크초콜릿, 절제된 산미 그리고 긴 여운이 특징이며 블랙,화이트 어느 조합으로도 잘 어우러지는 커피입니다.",땡큐로스터스,,
콜롬비아 엑셀소 EP 디카페인 마운틴 워터,,2,6,6,,6.0,콜롬비아,"멕시코에서 가장 높은 화산 빙하의 맑고 깨끗한 물로 7번의 까다로운 공정을 거쳐 카페인을 99.9% 제거 했으며, 임산부와 카페인에 예민하신 분께 추천합니다. * 이일용 로스터의 한마디 * 디카페인이 맛 없다는 편견은 이제는 버려야합니다. 4년 전 이 원두를 만나고 저 역시 그 편견을 버렸습니다. 에스프레소 용도로 로스팅하였으니 걱정말고 다양한 에스...",커넥츠커피,,
F 블렌드,,4,8,8,,6.0,"브라질, 콜롬비아","단맛과 풍미에 중점을 둔 중강배전의 블렌딩 원두입니다. 견과류의 고소함과 캐러멜, 사탕, 다크초콜릿의 단맛, 후미의 쌉싸름함까지 복합적인 단맛을 가진 것이 특징입니다.",리플로우 커피 로스터스,,
디카페인 과테말라 블렌드,,6,4,8,,6.0,과테말라,비옥한 화산 토양의 묵직하고 지속적이면서도 깊은 여운의 향미를 느끼실 수 있습니다.,디카커피랩,,
스프링 블렌드,,8,6,6,,5.0,"에티오피아, 콜롬비아, 코스타리카","겨울이 끝나고, 드디어 찾아온 따뜻하고 기분 좋은 봄바람을 타고 코속을 간지리는 기분 좋은 꽃 향과 같은 블렌드 커피라고 자부할 수 있는 향긋한 커피입니다. 청포도의 산뜻한 향과 입안에서 달콤하게 느껴지는 꿀의 단맛과 함께 사과의 기분 좋은 산미로, 이름 그대로 봄이 생각나는 향긋한 산미의 커피입니다. 산미있는 커피를 추구하는 커피이거나, 고소한 ...",커스프 커피,,
콜롬비아 디카페인,,6,8,4,,6.0,콜롬비아,초콜릿티한 달콤함과 좋은 단맛으로 누구나 마시기 편한 커피입니다.,피어 커피로스터스,,
디카페인 블렌드,,2,6,8,,7.0,"과테말라, 에티오피아","마운틴 워터 프로세스 과정을 통해 카페인을 제거하였으나, 맛과 향미는 더욱 풍부한 웨이브온만의 디카페인 커피입니다. 미디엄 바디에 부드러운 질감, 아몬드와 같은 견과류의 고소함과 브라운슈가의 단맛이 매력적인 디카페인 커피입니다.",웨이브온 커피,,
풍요로운 땅,,6,8,8,,7.0,"브라질, 콜롬비아","누구나 편안히 마실 수 있는 커피로, 달콤쌉싸름하고 입 안 마무리는 시원함을 느낄 수 있어요.",나무사이로,,
콜롬비아 디카페인,,4,8,8,,6.0,콜롬비아,언더프레셔가 로스팅한 고품질의 콜롬비아 디카페인 원두입니다. '마운틴 워터 프로세스'를 거쳐 카페인을 제거했음에도 생두 본연의 폭발적인 풍미를 유지하고 있습니다. 미디엄 로스팅 과정을 통해 발현되는 산뜻하고 달콤한 톤의 긴 여운이 특징입니다.,언더프레셔,,
오버타임,,2,10,10,,6.0,"브라질, 과테말라, 에티오피아","묵직하고 견고한 바디를 위해 미디엄 다크로 로스팅 했습니다. 말린 과일의 풍미와 부드러운 촉감과 균형감, 달콤한 초콜릿의 풍미로 마무리됩니다.",폰트커피,,
Classic Plus Blend,,2,10,10,,7.0,"콜롬비아, 과테말라, 코스타리카",FELT가 말하는 클래식 이상의 클래식 입니다. 카카오닙스의 부드러운 쓴맛과 다크 초콜릿의 풍미가 어우러집니다. 묵직하게 입 안에 꽉 차는 강배전 에스프레소 블렌드입니다.,펠트,,
에티오피아 코케 허니 예가체프 G1,,8,10,6,,6.0,에티오피아,"복숭아와 같은 쥬시함과 단맛이 좋고, 마지막까지 깔끔한 느낌이 좋습니다.",식물학 커피로스터스,,
콜롬비아 엘 카르멘 워시드,,4,10,8,,5.0,콜롬비아,고소한 견과류의 단맛과 사과의 상큼함이 있는 커피입니다.,보난자커피 코리아,,
상큼한초밥 블렌딩,,6,6,6,,6.0,"브라질, 에티오피아","상큼한 초밥은 상큼함과 고소함이 공존하는 초밥을 모티브로 제작되었습니다. 커피에서 가장 호불호 강한 신맛을 모든 사람이 좋아할만한 대중적인 맛으로 어떻게 변화시킬까? 라는 의문에 평소 즐겨먹던 초밥을 떠올렸습니다. 초밥은 고소한 흰쌀밥에 새초롬한 식초를 더해 감칠맛을 더해주는데, 즉 고소함에 상큼함을 더하면 굉장히 땡기는 신맛이 된다는 걸 깨닫고 커...",원더월 커피 로스터스,,
비터스윗 라이프 에디션2,,2,8,10,,7.0,"인도, 에티오피아, 콜롬비아",보다 높은 바디감과 묵직한 단맛을 원하시는 분들에게 추천합니다. 비터스윗라이프 에디션1과 동일한 블렌딩으로 배전도를 높여 소개합니다.,커피 몽타주,,
케냐 가탕가리리 AA,,8,10,6,,2.0,케냐,청사과 향과함께 자몽과 오렌지가 연상되는 쥬시한 커피입니다.,카페플롬,,
파나마 페리엔 게이샤 워시드,,6,8,6,,4.0,파나마,"클래식한 게이샤 커피. 향긋한 자스민의 향, 오렌지 산미, 머스캣의 풍미, 여운에선 독특한 녹차의 향을 가진 커피입니다.",오프사이트,,
Decaf 디카페인,,8,8,8,,5.0,콜롬비아,"디카페인인지 모를정도로 풍부한, 끈적하고 달콤한 꿀같은 맛이예요.",클라리멘토,,
과테말라 우에우에테낭고 디카페인,,2,6,6,,5.0,티피카 (Typica),견과류의 고소함과 밸런스,UFO 커피로스터스,,
디카프 슬럽,,6,8,6,,5.0,콜롬비아,천연사탕수수공법을 이용해 카페인을 제거한 E.A. 카우카 디카프 고소하고 깔끔한 맛,슬러핀 커피,,
블렌드 너티 퍼플,,2,8,8,,6.0,"브라질, 콜롬비아, 인도","대중적인 입맛에 맞지만 더욱 풍부한 향과 부드러움을 내는 블렌드입니다. 보리차와 같은 고소한 맛을 내며 콜롬비아의 감칠맛과 브라질의 단맛을 적절히 블렌드하여 균형감이 좋습니다. 풍부하고 부드러운 크레마는 보기만해도 입맛이 돕니다. 산미는 거의 없으며, 아메리카노나 라떼 베리에이션 등 고소함을 강조하고 싶을 때 사용하기에 좋습니다. 호불호 갈리지 않는 ...",리프커피,,
스너그 하우스 디카페인 블렌드,,4,10,8,,6.0,"페루, 콜롬비아","""Snug house"" 블렌드는 편안하고 포근한 집을 상상하게 합니다. 지친 하루를 끝내고 집으로 돌아왔을 때 맛있는 음식과 포근한 침대가 반겨주듯이 부담스럽지 않은 달달하고 고소한 향미들이 오롯이 편안하고 포근한 휴식을 취할 수 있도록 도와줍니다.",간결 커피 로스터스,,
에티오피아 시다마 벤사 케라모 워시드,,8,6,2,,2.0,에티오피아,오렌지 상큼한 향과 깔금하고 고급스러운 단맛이 느껴지는 커피입니다.,싸인포스트커피,,
피타 블렌드,,6,8,6,,6.0,"과테말라, 콜롬비아, 에티오피아",고품질의 마이크로랏 생두 위주로 블렌딩하여 스페셜티의 신세계를 경험할 수 있습니다. 신맛과 고소한맛 짙은 농도의 밸런스가 잘 잡힌 커피입니다.,하우트 커피컴퍼니,,
엘리 크릭,,6,4,6,,6.0,"콜롬비아, 브라질, 과테말라, 에티오피아",풍부한 단맛과 부드러운 질감을 갖춘 밸런스가 돋보이는 매력적인 커피,프레이저 커피,,
과테말라 디카페인 마운틴워터 프로세스,,6,8,8,,6.0,과테말라,헤이즐넛 같은 고소함과 초콜릿의 단맛이 느껴져요.,리밀커피,,
모노톤,,2,8,8,,6.0,"과테말라, 브라질, 에티오피아, 인도네시아, 에티오피아",깊은 단맛을 품고있어 바닐라시럽이나 초코시럽과 만나면 보다 깊고 풍부한 단맛을 가진 라떼를 맛보실수 있어요.,그럼블 커피로스터스,,
비숲,,2,6,6,,7.0,"인도, 에티오피아","건자두, 사과와 같은 느낌이며 토피넛, 초콜릿의 단맛을 경험할 수 있습니다.",애크로매틱 커피 컴퍼니,,
리볼브,,6,10,6,,5.0,"브라질, 콜롬비아, 과테말라","밀크초콜릿, 헤이즐넛의 풍부한 단맛. 감귤류의 은은한 산미와 감미롭고 부드러운 여운의 훌륭한 균형감을 느낄 수 있습니다.",히떼 로스터리,,
마이 로맨스,,8,8,6,,5.0,"과테말라, 에티오피아",마이로맨스는 그 이름에서 느껴지듯이 산뜻하고 부드러운 느낌의 블랜드입니다. 에스프레소 블렌드이지만 브루잉으로도 충분히 즐길 수 있습니다. CQI의 Q-Grader이자 SCA CSP Diploma인 브니엘 커피 로스터스 대표가 직접 생두를 선별하여 정성껏 로스팅 하였습니다. 오렌지의 향긋한 향과 딸기와 라즈베리 그리고 달콤하고 부드러운 마시멜로 같은 ...,브니엘 커피로스터스,,
2nd WAVE : Customizing,,6,8,8,,6.0,"브라질, 에티오피아, 인도네시아",뉴웨이브의 대표 블렌드로써 감귤 초콜릿을 먹는 듯 균형잡힌 산미와 단맛으로 거부감 없이 입맛을 즐겁게 합니다.,뉴웨이브 커피로스터스,,
보이져,,8,8,6,,5.0,"온두라스, 에티오피아, 에티오피아",ㅁㅜㄹㅡㅇㅣㄱㅇㅡㄴ ㄱㅘㅇㅣㄹㅇㅢ ㅅㅏㄴㅁㅣ가 ㄷㅏㄹㅋㅗㅁ해요. ㅍㅜㅇㅂㅜㅎㅏㄴ ㄲㅗㅊ ㅎㅑㅇㅇㅣ ㅁㅐㄹㅕㄱㅈㅓㄱㅇㅣㄴ ㅅㅡㅌㅣㅁㅓㅅㅡ의 ㅅㅣㄱㅡㄴㅣㅊㅓ ㅂㅡㄹㄹㅔㄴㄷㅡㅇㅣㅂㄴㅣㄷㅏ.,스티머스 커피팩토리,,
카펜터,,6,8,6,,6.0,"과테말라, 브라질, 콜롬비아","잘 익은 오렌지와 자두의 뉘앙스부터 흑설탕과 달콤 쌉싸름한 다크 초콜릿의 뉘앙스까지 넓은 스펙트럼의 맛을 느낄 수 있고, 밸런스가 좋은 블렌드예요.",커피 앰비언스,,
나탈리,,6,10,4,,5.0,"파푸아뉴기니, 엘살바도르, 코스타리카","잘 익은 딸기를 베어 문듯한 단맛과 적당한 산미의 조화를 이루는 와인의 풍미를 느낄 수 있어요. 블렌딩에 최적화된 좋은 생두를 선별하고, 일관성 있고 논리적인 로스팅을 추구합니다. 결점두를 직접 선별하여 패키징 하는 등 최상의 품질을 위해 노력합니다.",영앤도터스,,
SANTA ISABEL(산타 이사벨),,4,4,6,,6.0,"콜롬비아, 브라질","볶은 아몬드와 다크초콜릿의 고소한 맛에 풍부한 바디와 깔끔하고 균형 잡힌 풍미와 긴 여운, 스페셜티의 개성을 담은 시트러스 풍의 부드러운 산미가 완벽한 균형을 보여줍니다. 자극적이지 않고 편안한 맛을 추구하시는 분들께 드리는 스페셜티 블렌드, 산타 이사벨입니다.",마그마커피,,
콜롬비아 엘 오브라헤 게이샤 무산소발효 내추럴,,8,8,6,,2.0,콜롬비아,밝고 경쾌한 베리류의 향미와 단맛이 기분좋게 남는 커피,카페소소한사치,,
모리 티티알 로부스타 TR9,,4,8,8,,5.0,베트남,"아몬드, 블랙커런트, 카카오",라까프,,
폴라베어 블랜딩,,6,10,8,,4.0,문타샤,새콤 달콤한 원두로 쥬시하면서도 단맛 바디가 풍부한 커피볶는곰의 산뜻함을 담당하는 라이트 배전 원두 입니다.,커피볶는곰,,
피크 블렌드,,2,10,10,,6.0,"Santa, Supremo, SHB, Wahana, Kua",크림같은 질감과 견과류의 고소함과 다크초콜릿의 달콤 쌉싸름함,헬퍼 스튜디오,,
리허설,,4,6,6,,6.0,"과테말라, 브라질, 에티오피아",다크초콜릿의 쌉쌀함과 잘 익은 과일의 단맛의 여운이 있는 밸런스가 좋은 블렌드입니다.,크래커스 커피 로스터스,,
고독,,2,8,10,,6.0,"EL, COSTARICA, BRZIL, INDIA",진하게 볶은 견과류의 스모키한 고소함과 목 넘김 후 카라멜 같은 단맛을 느낄 수 있습니다.,오이르 로스터스,,
콜롬비아 슈가케인 디카페인,,2,8,8,,7.0,콜롬비아,사탕수수 추출 성분을 매개로 디카페인 처리를 한 콜롬비아 엑셀소 디카페인 커피입니다. 디카페인 생두중 가장 맛있습니다,저스트로스터,,
블랙 블렌드,,6,8,10,,7.0,"케냐, 케냐, 브라질, 과테말라, 콜롬비아",흑맥주를 마시는 듯한 쌉싸름함과 뒤에 올라오는 단 여운,레인디어,,
모노그램(Mono Gram),,6,10,6,,6.0,"Guatemala, Ethiopia, Brazil, Kenya",총 4 국가의 생두를 블랜딩하여 하나로 어우러지는 맛을 표현했습니다. 견과류의 고소함이 특징인 브라질 커피를 베이스로 밀크초콜릿을 연상하게 하는 부드러운 맛이 매력적입니다. 데일리 커피로 추천합니다.,그린마일커피,,
시그니처 블랜드 언타이틀드,,6,10,6,,5.0,에피오피아,"살구, 블루베리, 그리고 탠저린의 풍부한 향미가 어우러져 산뜻한 단맛과 함께 부드러운 향기를 느끼실 수 있습니다.",라운지엑스,,
허니서클 블렌드,,4,8,6,,5.0,"브라질, 코스타리카",씨리얼의 고소함과 메이플시럽 같은 단맛이 잘 어우려져 있으며 끝 맛은 깔끔해 누구나 좋아할 커피,어나더룸,,
디카페인 에티오피아 짐마,,4,8,6,,6.0,에티오피아,"무겁지 않은 바디감과 카라멜의 단맛,청포도와 같은 가벼운 산미가 주는 균형잡힌 디카페인 커피로 부드러운 목넘김이 특징인 커피입니다.",보사노바 커피로스터스,,
에티오피아 고로,,6,8,6,,4.0,에티오피아,"새콤한 과일의 느낌이 지배적이고, 은은한 단맛과 깔끔한 애프터 테이스트가 매력적인 커피",알렉스더커피,,
캠프파이어 블렌드,,6,6,6,,5.0,"브라질, 콜롬비아, 과테말라","NSWF 시그니처 블렌드이자 복합적인 향미를 균형감 있게 나타내는데 중점을 둔 커피입니다. 은은한 산미, 이를 뒤따르는 단맛의 보드라운 질감이 긴 여운으로 잔잔하게 입안을 감돕니다. 어떤 요소 하나 두드러짐 없는 편안한 커피를 의도하였습니다. 누구나 매일 마시기 좋은 데일리 커피로 추천합니다.",노스모크위드아웃파이어,,
에티오피아 시다마 벤사 케라모 내추럴,,8,8,4,,4.0,에티오피아,"밝은 계열의 과일향과 맛이 좋습니다. 베리 계열 같은 아로마를 시작으로 과일캔디 같은 단맛, 후미엔 과일 향기가 천천히 느껴집니다.",프로토콜 로스터스,,
테베 부르카 싱글 버라이어티,,8,8,4,,5.0,에티오피아,얼 그레이 홍차의 향긋함과 망고스틴의 달콤함이 아주 좋아요.,앤써커피,,
그린 블렌딩 커피,,6,8,8,,6.0,"에티오피아, 콜롬비아, 브라질, 과테말라",부드러운 단맛과 고소한 풍미가 밸런스가 좋습니다. 좋은 균형감이 매일 마시기 편안한 커피입니다.,링크 커피 로스터스,,
콜롬비아 디카페인,,6,8,8,,6.0,콜롬비아,"산뜻한 건과일 플레이버 뒤로 이어지는 토피넛과 코코아의 달콤함으로, 안정된 밸런스를 가진 디카페인 커피입니다.",하늘에커피,,
데일리뷰티 블렌드,,4,8,8,,5.0,"콜롬비아, 에티오피아, 인도",은은하게 퍼지는 산미와 초콜릿의 단맛이 느껴져요,수수커피,,
BEIGE 블랜드,,8,10,6,,2.0,"에티오피아, 에티오피아","오렌지쥬스 같은 질감과 화사하고 가벼운 느낌의 바디감, 가볍게 하루를 깨우고 싶으시다면, 이 원두와 함께 시작하시는걸 굉장히 추천드립니다.",컬러드 빈,,
오드 블렌드,,6,8,6,,5.0,"에티오피아, 코스타리카, 에티오피아, 콜롬비아",달달한 단감의 단맛이 길게 이어지는 커피로 끝 맛은 진한 홍차처럼 느껴져요.,오드이븐,,
인도 마이소르 너겟 엑스트라 볼드,,2,10,10,,7.0,인도,"오일이 보일정도의 다크 로스팅입니다. 다크 초콜릿, 갈색설탕의 단맛이 좋으며, 볶은 견과류와 바디감이 풍부한 커피입니다.",베러로스팅랩,,
DCW 블렌드,,4,6,4,,5.0,"콜롬비아, 에티오피아, 과테말라","단맛과 고소한 맛을 중심으로 한 방울 떨어뜨린 듯 은은한 산미까지, 풍성한 향미가 둥글게 다가옵니다.",디카프워크룸,,
나폴리,,8,10,8,,5.0,"에티오피아, 브라질, 콜롬비아",볶은 아몬드의 고소함과 신선한 과일의 산미가 느껴져요.,선빌리지 커피,,
블랙 앤 모어,,2,8,10,,7.0,"과테말라, 브라질, 콜롬비아",묵직한 바디감과 긴 여운을 가지고 있어 클래식한 커피를 좋아하는 분들께 추천 드립니다.,토치커피,,
66도 블렌드,,2,6,6,,5.0,"과테말라, 콜롬비아, 에티오피아",처음 마셨을 때 밀크 초콜릿의 뉘앙스와 끝에 남는 상큼함이 깔끔하게 잡아주는 블랜딩. 적당한 바디감과 감귤같은 산미가 잘 어우러져 여운이 긴 것이 특징이며 산미를 싫어하시는 분들도 쉽게 접하기 좋은 매력적인 커피입니다.,55도 커피로스터스,,
클래식 블렌드,,6,8,6,,5.0,"콜롬비아, 엘살바도르",엘카페커피로스터스의 대표 블렌드로 매일 마셔도 질리지 않는 균형잡힌 맛입니다.,엘 카페 커피로스터스,,
콜롬비아 디카페인,,2,8,6,,7.0,콜롬비아,비정제 설탕의 단맛과 토스트 맛이 나요. 카카오의 고소한 향미가 느껴집니다.,502 커피로스터스,,
#65-scale,,8,6,4,,4.0,"에티오피아, 에티오피아",한 잔의 와인을 머금은 듯 느껴지는 베리의 산뜻한 산미와 깔끔한 끝 맛이 마치 잘 고른 티를 우려 낸 것처럼 풍미가 가득합니다.,인더매스,,
디 카페인 블렌드,,2,8,8,,6.0,"콜롬비아, 과테말라","밀크초콜릿과 카라멜의 단맛에 구운 견과류의 고소함이 더해져서, 부드럽고 편안해요.",도화아파트먼트,,
콜롬비아 디카페인,,4,8,6,,5.0,콜롬비아,"견과류의 고소함과 다크초콜릿, 카카오 닙스의 달콤쌉싸름함이 매력적인 디카페인 커피입니다.",스탠딩커피,,
디카페인 과테말라 SHB 싱글오리진,,6,6,6,,6.0,과테말라,"마운틴 워터 프로세스 방식으로 카페인은 제거되고 생두가 지니고 있던 본래의 향미와 풍미는 온전히 남아있는 디카페인 커피입니다. 고구마, 브라운슈가, 밀크초코렛의 향미를 느낄 수 있습니다.",필리그리커피,,
율 디캐프 다크,,2,8,6,,7.0,"콜롬비아, 과테말라","구운밤, 잣, 밀크 초콜릿 같은 늬앙스가 매력적인 디카페인 커피입니다.",180커피로스터스,,
아이스브레이커,,8,10,8,,5.0,"콜롬비아, 브라질","센터커피의 시그니처 블렌드이며 스페셜티 커피의 맛과 향을 최대한 살린 블렌드 입니다. 스페셜티 전문 카페 및 납품처에 적합합니다. 첫 모금에서 사과, 흑설탕의 플레이버가 느껴지며, 두 번째 모금에서 마카다미아의 고소함과 더불어 자두의 플레이버가 느껴집니다. 바닐라 같은 단맛의 여운이 길게 느껴지며 밸런스가 좋습니다.",센터 커피,,
디카페인 에티오피아 블렌드,,8,10,6,,4.0,에티오피아,"검붉은 과일의 싱그러움과 믹스베리의 단맛이 어우러지는 조화로운 향미, 깔끔한 목넘김으로 차가운 음료에 잘 어울립니다.",디카커피랩,,
르완다 마헴베 워시드,,8,8,6,,4.0,르완다,"오렌지 같은 산미로 시작해서 은은하게 퍼지는 재스민의 향과 살구의 풍미, 꿀 같은 단맛이 길게 이어집니다.",폰트커피,,
디카페인 어텀 블렌드,,4,8,6,,5.0,"브라질, 콜롬비아, 과테말라","CUSP의 자신있는 중남미 디카페인 블랜딩 커피로서, 디카페인 특유의 향과 맛을 최대한 배제 하였으며, 갓 구운 군밤의 향기와 고소함 속에 카라멜과 카카오의 달콤함이 깃든 커피로, 누구나 마시기 좋은 균형잡힌 커피입니다. 한국인 입맛에 익숙한 고소하고 달달한 캐릭터로 라틴커피의 균형잡힌 맛을 선사합니다. 고소한 느낌의 디카페인 커피를 원하시는 고...",커스프 커피,,
하우스블렌드,,6,8,6,,6.0,"산토스, 시다모",땡큐로스터스 하우스 블렌드는 구운 견과류의 풍미가 좋고 깔끔한 단맛이 잘 어우러진 커피입니다. 고소한 풍미와 적당한 무게감으로 데일리 커피로 부담없이 즐기시기 좋습니다.,땡큐로스터스,4.0,6.0
R 블렌드,,6,6,6,,5.0,"과테말라, 브라질, 에티오피아",밸런스에 초점을 맞춘 중배전의 블렌딩 원두입니다. 달달한 꿀과 캐러멜스러운 단맛에 꽃 향이 맴도는 은은한 산미가 매력적입니다.,리플로우 커피 로스터스,,
피어투피어,,6,6,4,,5.0,"에티오피아, 과테말라, 케냐, 코스타리카","가족과 친구에게 건네 듯, 한 잔의 ‘차’와 같은 블렌딩입니다. 시트러스 한 과일 계열의 산미와 산미를 잘 받춰주는 단맛의 균형이 조화롭습니다. 부드럽고 편안하여 좋은 밸런스를 느낄 수 있는 데일리 커피 블렌딩입니다.",피어 커피로스터스,,
브릭 에스프레소,,4,8,6,,6.0,"과테말라, 콜롬비아, 인도",고소한 견과류의 맛과 흑설탕의 단맛 그리고 부드러운 촉감과 완벽한 밸런스를 가진 커피입니다.,리플렉트 커피 로스터스,,
브릴리,,2,10,8,,6.0,브라질,"바닐라, 건과일, 견과류, 크림 브륄레, 누룽지 사탕 등의 향미가 두드러집니다. 매일 먹어도 질리지 않는 마치 밥같은 커피로 누가 마셔도 좋습니다.",나무사이로,,
커넥츠 블렌드,,4,6,6,,5.0,"콜롬비아, 에티오피아, 코스타리카, 인도, 과테말라",브라운슈가의 단맛을 베이스로 건과일의 향미가 느껴지는 균형감이 뛰어난 스페셜티 블렌딩 입니다. * 이일용 로스터의 한마디 * 이 원두는 개발하기까지 1년이 넘는 시간이 걸렸습니다. 너무 과하지 않은 산미와 다채로운 향미를 담아내면서도 적당한 고소함도 갖춘 밸런스가 뛰어난 원두를 만들고 싶었습니다. 그렇게 다양한 시도를 하며 세차례 전문가와 비전문가 ...,커넥츠커피,,
Decaffeinated Blend,,6,6,8,,5.0,"에티오피아, 콜롬비아, 과테말라","FELT가 제안하는 카페인이 부담스러운 순간의 대안입니다. 흑설탕과 같은 단맛과 은은한 산미, 고소한 견과류의 풍미가 어우러지며 부드럽게 입안을 채워주는 디카페인 커피입니다.",펠트,,
블렌드 B,,8,6,6,,4.0,"에티오피아, 에티오피아","풍성한 과일의 산미와, 매우 부드러운 바디감을 느낄 수 있습니다. 산미를 선호 하시는 분들께 추천 드립니다.",리버벨,,
브루클린,,8,8,6,,4.0,"에티오피아, 에티오피아",상큼한 베리류의 과일 주스처럼 향이 다채로워요. 끝 맛에서 얼그레이 티를 느낄 수 있습니다.,언더프레셔,,
꼬수운돌솥밥 블렌딩,,2,10,8,,6.0,브라질,"꼬수운 돌솥밥은 백박집에서 나오는 돌솥밥을 모티브로 제작되었습니다. 쌉싸름한 단맛이 지배적으로, 확실하게 꼬수운 느낌이 잘 맞는커피로 특이점으로는 한가지 브라질 생두를 2가지 로스팅 포인트로 볶은 후 블렌딩을 한 점입니다. 강배전한 브라질에선 진한 쓴맛과 단맛이 중강배전 브라질에선 견과류의 고소함이 폭발적으로 표현됩니다. 땅콩같은 고소함은 은은하며...",원더월 커피 로스터스,,
블렌드 루트 블랙,,2,8,10,,6.0,"브라질, 과테말라, 코스타리카, 인도네시아","리프커피의 시그니처 블렌드로 중후한 단맛과 쌉쌀함을 느낄 수 있는 블렌드입니다. 카카오 함량이 높은 고메 초콜릿을 마시는 듯한 풍부한 맛입니다. 입 안에 묵직하게 느껴지는 질감과 견과류의 단맛, 부드러운 목넘김이 매력적입니다. 단맛과 쌉쌀함의 밸런스가 좋아 처음부터 끝까지 편안하게 마실 수 있습니다. 아주 살짝 느껴지는 산미는 맴돌았던 향미를 정돈하며...",리프커피,,
케냐 키린야가 캄완기 AA TOP,,6,10,4,,2.0,케냐,오렌지와 자몽향이 풍부하고 달콤합니다.,싸인포스트커피,,
보난자 블렌드,,6,8,4,,5.0,"브라질, 콜롬비아",하루에 몇 잔을 마셔도 질리지 않는 부드럽고 산뜻한 블렌드 커피입니다.,보난자커피 코리아,,
디카프 브라질 NY2/3 mountain water,,2,8,8,,6.0,브라질,전체적으로 구수하고 달콤하며 밸런스가 좋은 디카페인 커피입니다.,식물학 커피로스터스,,
디카페인 블렌드,,8,8,4,,6.0,"콜롬비아, 과테말라","카페인은 안녕, 풍미와 향미는 그대로 화산 빙하의 깨끗한 물과 탄소필터를 활용해 카페인만 99.9% 제거하여, 커피 본연의 풍미와 향을 해치지 않은 마운틴 워터 프로세스의 디카페인 커피입니다.",하우트 커피컴퍼니,,
웨이브온 블렌드,,4,6,6,,6.0,"과테말라, 브라질, 에티오피아",견과류의 고소한 단맛과 은은하게 퍼지는 산미로 밸런스가 좋은 커피입니다. 라떼와도 잘 어울려요.,웨이브온 커피,,
우일라 디카페인,,6,8,6,,6.0,콜롬비아,"말린 무화과, 건자두에 헤이즐넛의 달달한 향미를 더해 밸런스가 좋은 커피입니다.",스티머스 커피팩토리,,
젠틀레인,,4,10,8,,6.0,"브라질, 에티오피아","CQI의 Q-Grader이자 SCA CSP Diploma인 브니엘 커피 로스터스 대표가 직접 생두를 선별하여 섬세한 로스팅 프로파일로 깊은 단맛과 부드러운 바디, 무엇보다 누텔라의 풍부한 초콜레티를 담아냈습니다. 풍부한 바디와 부드러운 목넘김에 달큰한 단맛은 덤!!",브니엘 커피로스터스,,
센스 앤 센서빌리티,,8,8,6,,5.0,"에티오피아, 에티오피아","커피 맛에도 이성과 감성이 있다면 어떤 맛일까? 이성과 감성의 조화를 추구하며 사는 것이 인간의 삶이라면, 커피 맛에서 이성과 감성의 조화와 매칭되는 맛이란? 이런 물음에서 출발했습니다. “이성과 감성의 조화 = 산미와 단맛의 조화” 이 단순하면서도 어려운 답을 찾기 위한 여정을 시작했습니다. Bright & Sweet을 기본 컨셉으로 계속 발전시켜...",커피 몽타주,,
케냐 뚱구리 AA,,8,8,6,,2.0,케냐,"가공소 / 뚱구리 Thunguri Washing Station 생산자 / 키비리기 커피 농부 협동조합 Kibirigwi Coffee Farmers Cooperative 지역 / 키린야가 Kirinyaga 재배고도 / 1,700 ~ 1,800m 품종 / SL28, SL34, Ruiru11 가공방식 / 워시드 Washed 로스팅 포인트 / 라이...",영앤도터스,,
MAUNA LOA(마우나 로아),,4,8,8,,6.0,"에티오피아, 브라질","마우나 로아는 깊은 단맛과 풍부한 바디감을 극대화한 블렌드입니다. 강렬한 견과류와 초콜릿, 캐러멜, 플로럴 노트로 핫/아이스 아메리카노에서는 물론 라떼와 같은 우유 베이스 음료에서도 크림을 위한 멋진 캔버스가 되어줍니다.",마그마커피,,
에티오피아 시다모 물루게타 문타샤 워시드,,8,10,6,,2.0,에티오피아,복합적인 맛을 지닌 깔끔한 에티오피아 워시드입니다.,카페플롬,,
모리 케피어 로부스타 TR4,,2,8,8,,5.0,베트남,"밀크초콜릿, 당밀, 황설탕",라까프,,
콜롬비아 살피콘 게이샤 CM내추럴,,8,8,6,,4.0,콜롬비아,"향기로운 장미와 로즈마리의 향, 레드와인과 체리, 초콜릿의 풍미를 가진 커피입니다.",오프사이트,,
테디베어 블랜드,,4,10,8,,5.0,부산제,고소 달달 한 커피볶는곰의 메인 블랜드 원두로 깔끔한 아메이카노와 달짝한 라떼에 빠져 보세요.,커피볶는곰,,
Caramelo 카라멜로,,8,8,6,,5.0,"Ethiopia, Ethiopia, Costarica",푸루티하고 쥬시한 커피예요. 사탕같은 달콤함이 가득합니다.,클라리멘토,,
아이에스오 백,,2,6,8,,7.0,"케냐, 콜롬비아","다크초콜릿,카라멜의 묵직하면서도 긴 여운이 느껴지는 블렌드 입니다.",크래커스 커피 로스터스,,
Snokel (스노클),,4,8,4,,4.0,"에티오피아, 콜롬비아",과일의 단맛과 블루베리 느낌이 좋은 부드러운 원두,UFO 커피로스터스,,
길들인다,,2,6,8,,6.0,"브라질, 브라질","볶은 견과류의 폭발하는 고소함과 묵직한 바디감, 초콜렛의 쌉싸름한 달콤함이 길게 지속됩니다",오이르 로스터스,,
마젠타 블렌드,,8,6,4,,5.0,"에티오피아, 콜롬비아",한라봉주스를 마시는 달달한 쥬시함,레인디어,,
송버드(Song Bird),,8,8,4,,5.0,"Guatemala, Etiopia",조화로운 커피 한 모금을 귀로 듣는다면 청아한 새소리가 아닐까요? 순수한 재료에서 나오는 단맛과 산미의 조화에 집중 했습니다. 그린마일커피 스페셜티 블렌드 ‘송버드’,그린마일커피,,
시그니처 블랜드 000 디카페인,,2,10,6,,6.0,과테말라,"밀크 초콜릿, 아몬드 그리고 브라운슈가의 향미가 어우러져 깊은 풍미와 함께 부드러운 여운을 느끼실 수 있습니다.",라운지엑스,,
짙은 블렌드,,4,8,8,,6.0,"브라질, 과테말라, 콜롬비아","구운 견과류의 고소함, 초콜릿의 쌉쌀한 단맛, 은은하게 느껴지는 산미 소소한사치 대표 블렌드입니다.",카페소소한사치,,
웡카 블렌드,,2,10,10,,7.0,"에티오피아, 인도, 브라질",견과류의 고소한 맛과 다크 초콜릿의 묵직한 단맛이 특징이며 향미가 풍부하고 여운이 길게 남는 커피,어나더룸,,
포레스트 블렌드,,4,8,6,,6.0,"브라질, 과테말라","""Forest"" 블렌드는 마시는 이에게 시원한 바람과 기분 좋은 향기를 느낄 수 있는 편안한 숲속을 상상하게 합니다. 땅에서 재배되는 고소한 견과류의 향미와 달달한 여운이 좋은 균형감을 가지고 있어 기분 좋은 하루의 시작과 함께합니다.",간결 커피 로스터스,,
카라멜 슬럽 블렌드,,4,8,6,,5.0,"콜롬비아, 브라질",밀크초콜렛을 머금고 있는 듯한 부드러운 질감에 은은하게 오는 산미 주변 상권보다 특별한 맛을 찾는 사장님에게도 추천드립니다.,슬러핀 커피,,
케냐 구아마 AA,,8,10,6,,5.0,케냐,"블랙베리와 체리톤의 향미와 적포도,조청 등의 단맛이 좋은 커피입니다.",알렉스더커피,,
피크 블렌드,,4,6,6,,6.0,"에티오피아, 과테말라, 브라질, 콜롬비아",처음부터 끝까지 편안하게 마실 수 있어요.,오드이븐,,
하늘에 시그니처 블랜딩,,8,8,4,,4.0,"케냐, 에티오피아","케냐 AA를 베이스로 에티오피아 모모라 내추럴을 더하였습니다. 오렌지의 산미와 카라멜의 단맛, 은은하게 퍼지는 꽃향의 여운을 느끼실 수 있습니다.",하늘에커피,,
과테말라 SHB SW 디카프,,4,6,6,,5.0,과테말라,"레몬그라스 같은 독특한 향에 고소한 너트 향, 달콤한 꿀 향이 섞여 풍성하게 다가옵니다.",디카프워크룸,,
콜롬비아 싱글오리진 디카페인,,6,8,6,,6.0,콜롬비아,"카라멜, 사과, 오렌지의 달콤함과 허브류의 여운이 좋은 디카페인 입니다.",수수커피,,
인디언 헤드,,2,8,8,,7.0,"콜롬비아, 브라질, 베트남",다크 초콜릿처럼 깊은 풍미와 단맛이 진하게 감싸는 한국형 클래식 에스프레소,프레이저 커피,,
과테말라 우에우에테낭고 버번 워시드,,6,6,6,,4.0,과테말라,국화꽃 같은 향긋한 향과 카라멜 캔디의 달콤함,뉴웨이브 커피로스터스,,
글램 앤 모어,,8,6,6,,4.0,"에티오피아, 케냐",화사한 산미를 시작으로 체리와 포도의 달콤함을 느낄 수 있으며 스파클링의 청량감으로 입안에서 톡톡 터지는 과일 향미를 즐길 수 있습니다.,토치커피,,
리밀 블렌드,,4,8,8,,6.0,"브라질, 과테말라",견과류의 고소함과 카카오의 달콤 쌉싸름한 맛이 느껴져요.,리밀커피,,
올드타운,,6,8,6,,5.0,"과테말라, 콜롬비아","작은 시골마을의 변치 않는 모습을 간직하고 싶었어요. 변치않기 위해선 어느 한쪽에 치우치지 않는 균형과 단단하고 넓은 포용력이 필요하죠 이 커피는 우리가 생각하는 커피의 밸런스를 표현하고 있어요. 흔히 말하는 신맛, 단맛, 쓴맛이 적절히 어우러진 커피입니다",차군커피로스터스,,
오드아이,,2,10,10,,7.0,"에티오피아, 온두라스, 에티오피아, 에티오피아",흑설탕같은 진한 단맛이 특징입니다. 라떼 베리에이션에서 특히 독보적인 존재감을 드러냅니다. 그럼블만의 약배전과 강배전의 조합으로 맛을 완성한 새로운 형태의 블렌딩입니다.,그럼블 커피로스터스,,
33도 블렌드,,6,8,2,,4.0,"에티오피아, 에티오피아","상큼하게 들어오는 청량감과 부드러운 산미가 매력적이고, 입안에 남는 여운이 달달하게 퍼져 기억에 오래 남는 커피입니다. 산미를 선호하지 않는 분들도 과일같은 달콤함에 매력적으로 즐길 수 있는 커피입니다.",55도 커피로스터스,,
안목블렌드,,8,10,8,,6.0,"과테말라, 에티오피아, 코스타리카","보사노바의 아메리카노에 사용되는 보사노바 대표 블렌드입니다. 은은한 오렌지의 산미와 크리미한 질감이 특징입니다. 단 맛이 잘 어우러진 밸런스가 좋은 블렌드커피로, 대중적인 아메리카노 추출에 적합한 원두입니다.",보사노바 커피로스터스,,
클래식 블렌드,,2,8,8,,6.0,"인도, 콜롬비아, 코스타리카","502커피로스터스의 시그니쳐 블렌드 중 가장 오랜 기간 동안 사랑받아 온 클래식은 화려한 매력을 강조하기보다 “견과류의 고소한 향미와 묵직한 바디감”이 주는 탄탄한 베이스로 어떤 베리에이션과도 잘 어울리는 듬직한 커피 입니다. 브루잉, 에스프레소, 그리고 다양한 베리에이션까지 무난하게 소화해내는 클래식은 다재다능한 제너럴리스트로서 어떤 상황에서도 실...",502 커피로스터스,,
#45-scale,,2,6,8,,7.0,"과테말라, 인도, 브라질",다크 초콜릿의 쌉싸름한 풍미와 스모키한 바디감으로 마시고 난 뒤 긴 여운을 느낄 수 있어요.,인더매스,,
필베러,,6,8,6,,5.0,"에티오피아, 콜롬비아, 브라질","자두, 복숭아에서 느껴지는 달콤한 산미와 갈색설탕 단맛으로 밸런스가 굉장히 좋은, 베러로스팅랩의 인기 블렌드입니다. 블렌드명처럼 드셔보시면 기분이 좋아질 것 입니다.",베러로스팅랩,,
아이리스,,8,8,4,,4.0,"코스타리카, 니카라과, 에티오피아",꽃향기로 시작해 다채로운 과일의 플레이버로 이어지는 선명하고 풍부한 과일의 단맛을 가졌어요.,커피 앰비언스,,
Blend N.3,,6,6,6,,5.0,"콜롬비아, 과테말라","밀크초코렛의 노트가 인상적인 밸런스 커피. 은은한 산미, 초코렛의 단맛, 좋은 밸런스까지 모든면에서 손색없는 블렌드 입니다.",스탠딩커피,,
레드베릴 블렌드,,8,8,4,,5.0,"에티오피아, 에티오피아",과실 주스 같은 첫 모금과 함께 밝은 견과류의 고소함이 좋습니다. 카라멜 같은 단맛이 잘 느껴집니다.,필리그리커피,,
초콜릿 블렌드,,6,8,8,,6.0,"브라질, 콜롬비아, 인도","이름처럼 초콜릿, 카카오닙스의 향이 특징적이며 긴 단맛이 애프터로 남는것이 매력적입니다.",180커피로스터스,,
메이데이,,8,10,6,,6.0,"에티오피아, 콜롬비아, 과테말라","메이 데이(May Day)는 근로자의 노고를 위로하기 위한 휴일이라는 뜻으로 한 잔의 커피에 휴식 같은 존재가 되고자 만든 센터커피만의 특별한 시그니처 블렌드 입니다. 데일리 블렌드로 적합한 커피로 밸런스와 복합성에 중점을 둔 커피이며, 매일 마셔도 질리지 않는 커피로는 합리적인 가격의 블렌드 커피입니다.",센터 커피,,
다크브릭스 블렌드,,2,6,10,,6.0,"인도, 에티오피아, 브라질","진한 풍미가 느껴지는 미디엄다크로스팅 커피로, 마치 중후한 중년남성을 표현한듯한 맛으로, 구운 견과의 고소함과 함께 느껴지는 시가의 풍미와 묵직한 목넘김으로, 입안의 피니쉬까지 긴 여운을 가진 커피입니다. 별다방과 같은 맛이나, 고소하고 커피 특유의 쓴 맛을 좋아하시는 고객들에게 세팅하기 좋은 커피입니다.",커스프 커피,,
위WE,,8,10,6,,5.0,"과테말라, 에티오피아","과테말라와 에티오피아 커피를 블렌딩한 이 커피는 나무사이로 하루스 블렌드 1호 입니다. 초창기에는 과테말라 안티구아와 에티오피아 이르가체프의 조합으로 나무사이로의 '나무'를 따서 나무커피라 불렀고, 지금은 과테말라 우에우에테낭고 와이칸과 에티오피아 달고단 워시드 커피를 블렌딩하여 와이칸(Wakan)과 에티오피아(Ethiopia)의 앞자리를 딴 WE로 ...",나무사이로,,
코스타리카 라 플라나다,,6,8,6,,4.0,코스타리카,"라즈베리와 붉은 사과에서 느껴지는 상큼함과 건포도의 풍미가 풍부하게 느껴지며, 후미에 다크초콜릿의 풍미가 길게 이어집니다.",폰트커피,,
케냐 뚱구리 AA 워시드,,8,6,6,,5.0,케냐,"뚱구리 농장에서 수확한 커피체리는 당일에 깨끗한 물로 습식과정을 통해 1차 가공되고 발효작업 세척 후 태양열 건조가 진행됩니다. 이후 드라이밀에서 2차 프로세싱을 거치게 되며, 이를 통해 케냐가 가진 클린한 맛이 보다 배가 됩니다.",커넥츠커피,,
데일리 스윗 플러스,,8,8,6,,5.0,"HU-10, 에티오피아",깊이 있는 단맛이 인상적인 중남미와 아프리카 생두가 조화롭게 어우러진 하우스 블렌드 입니다. 편안한 커피에 초점을 두고 미디엄 로스팅을 진행하여 매일 마셔도 기분 좋은 달콤함을 담아냈습니다.,언더프레셔,,
땡큐블렌드,,6,8,8,,5.0,"마이소르, 예가체프, 코케",농도감 있는 단맛을 바탕으로 한 훌륭한 밸런스를 가진 커피입니다. 좋은 커피와 맛있는 커피의 기준이 확실하진 않지만 절제된 캐릭터의 커피를 보여드리고 싶었습니다.,땡큐로스터스,,
콜롬비아 엘 카르멘 디카프,,2,10,8,,6.0,콜롬비아,꿀과 같이 은은한 단맛이 있는 디카페인 커피입니다.,보난자커피 코리아,,
리들리,,4,8,8,,6.0,"브라질, 콜롬비아","식물학 커피의 세컨드 블렌드인 리들리는 볶은 견과류 로스티드 아몬드, 호두, 캐슈넛과 같은 고소함이 인상적이며, 입안을 감싸는 달콤함과 묵직한 무게감을 느낄 수 있습니다. 신맛보다는 고소함을 강조하는 리들리는 커피를 즐겨 드시는 모든 분들에게 사랑을 받는 블렌드 입니다.",식물학 커피로스터스,,
에티오피아 G1 콩가,,8,6,6,,5.0,에티오피아,상큼한 꽃향기와 블루베리의 단맛이 좋습니다.,리버벨,,
과테말라 엘 소코로 마라카투라,,4,10,6,,4.0,과테말라,청사과와 자몽 그리고 갈색설탕의 단맛이 느껴져 편안하게 즐길 수 있습니다.,싸인포스트커피,,
에티오피아 아리차 스페셜 G1 내추럴,,8,8,6,,2.0,에티오피아,아리차 스페셜은 예가체프 지역내에서도 품질이 매우 우수한 농장으로 아리차에서 생산된 내추럴 프로세싱 커피 중에 가장 품질이 우수한 커피를 따로 선별하여 스페셜로 판매하는 상품입니다. 클린컵이 매우 우수하며 기분 좋은 산미와 각종 베리류와 열대과일의 단맛 그리고 밀크 초콜릿의 바디까지 경험할 수 있습니다.,브니엘 커피로스터스,,
CALLA LILY(칼라 릴리),,6,6,6,,5.0,에티오피아,"아메리카노로 마실 때에는 시간이 지날수록 짙어지는 꽃내음이 매력적이고, 라떼로 드실 때에는 은은하고 부드러운 단맛으로 기분 좋은 애프터 테이스트를 선사합니다.",마그마커피,,
케냐 카구유 워시드 AB,,8,8,8,,4.0,케냐,자몽의 쌉쌀한 단맛과 초콜릿의 무게감 편하게 내려마시기 좋은 커피입니다.,카페소소한사치,,
콜롬비아 우일라 워시드,,4,10,8,,6.0,콜롬비아,"청사과,볶은 아몬드,황설탕,초콜렛,밀키 데일리한 가성비 에스프레소 추천드립니다.",카페플롬,,
시다모 파피초 내추럴,,8,8,6,,2.0,에티오피아,트로피칼 과일향에 고급스러운 장미 향이 매우 인상적이면서도 완벽한 밸러스를 보여줍니다.,수수커피,,
레드써클 블렌드,,8,8,6,,5.0,"케냐, 코스타리카, 에티오피아",레드써클은 세계 상위 등급 10% 생두로만 블렌딩한 최상급 스페셜티 블렌드입니다. 스페셜티가 가진 부드러운 산미와 단맛을 느껴보세요.,하우트 커피컴퍼니,,
커튼콜,,8,8,6,,5.0,"에티오피아, 온두라스","화사한 꽃과 과일의 향미, 캔디의 달콤한 단맛이 느껴져요.",크래커스 커피 로스터스,,
브라질 산타루시아,,4,8,4,,5.0,브라질,견과류의 고소함과 달콤한 밸런스가 특징인 원두,UFO 커피로스터스,,
라까프 핀 블렌드,,2,8,8,,7.0,"Phu, Danh, Ara",헤이즐넛의 향미와 카카오의 달콤 쌉싸름한 맛이 느껴지는 시럽같은 질감이 좋은 베트남 핀 커피용 블렌드입니다. 에스프레소로 드시면 더욱 훌륭한 질감을 느끼실 수 있습니다.,라까프,,
블렌드 애플 레드,,8,10,4,,4.0,"브라질, 콜롬비아, 에티오피아","단맛과 고소함, 산미 어느 하나 빠지지 않는 밸런스 좋은 커피입니다. 사과처럼 강하지 않고 부드러운 산미가 특징인 애플 레드는 어떤 메뉴, 어떤 디저트와 함께해도 어울리는 만능 블렌드입니다. 비정제 설탕의 감칠맛과 밀크 초콜릿처럼 단맛과 쌉쌀함의 부드러운 조화가 하루를 특별하게 만들어줍니다. 특별하지만 튀지 않는 담백한 매력을 가진 달콤한 커피입니다.",리프커피,,
문라이트 블렌드,,2,8,8,,7.0,"콜롬비아, 케냐","""Moonlight"" 어두운 밤 하늘에 은은히 빛나는 달빛을 닮았습니다. 어둡지만 달달한 초콜릿스러운 바탕에 바닐라의 기분 좋은 여운이 은은하게 퍼지며 지친 하루의 끝에 달달하고 편안한 밤을 선물합니다.",간결 커피 로스터스,,
에티오피아 구지 라요 타라가 워시드,,8,6,6,,4.0,에티오피아,오렌지의 달콤함 뒤에 따라오는 꽃향기의 여운이 느껴집니다.,리밀커피,,
피치 슬럽 블렌드,,6,8,4,,4.0,"에티오피아, 콜롬비아",핵과류의 산미와 과일의 단 맛이 나는 커피 입니다.,슬러핀 커피,,
44도 블렌드,,2,8,8,,7.0,"브라질, 콜롬비아, 과테말라, 에티오피아",먹었을 때 느껴지는 초콜릿티한 맛과 어우러지는 호두같은 고소함이 매력적입니다. 또한 커피를 먹고 남는 여운은 스모키한 향과 맛이 기억에 남아 맛있게 먹을수 있는 커피입니다.,55도 커피로스터스,,
에티오피아 G2 시다모 SW 디카프,,6,6,4,,5.0,에티오피아,다크초콜릿 같은 달콤쌉싸름한 맛에 오렌지과 산미가 은은하게 개성을 더합니다.,디카프워크룸,,
레이크 맥켄지,,6,6,6,,5.0,"에티오피아, 과테말라",열대과일을 연상시키는 복합적인 산미와 깨끗하고 부드러운 사탕수수의 단맛,프레이저 커피,,
룰라바이,,6,10,4,,5.0,"멕시코, 콜롬비아","감귤의 시트러스한 단맛을 바탕으로 시나몬과 고구마, 후미에는 꿀의 깊은 맛이 입 안에 남습니다.",영앤도터스,,
극야 블렌드,,2,8,10,,7.0,"브라질, 에티오피아, 과테말라","매일 즐기기 좋은 커피. 강한 쓴맛과 탄내가 없는 다크 로스팅 커피입니다. 다크 초콜릿, 구운 견과류와 무거운 바디감을 가진 커피입니다.",오프사이트,,
브라질 캄포 알레그레,,6,8,8,,5.0,브라질,웨이브온 그린빈 파이오니어팀에서 직접 수입한 브라질 스페셜티 커피인 캄포 알레그레는 다년간 수상 경력의 농장주 Henrique씨가 네추럴 가공한 커피로 다채로운 맛에 깔끔한 클린컵까지 가진 스페셜티 등급의 커피로 여러분을 새로운 커피의 세계로 인도할 커피입니다.,웨이브온 커피,,
Seasonal Blend,,8,8,6,,4.0,"콜롬비아, 과테말라, 에티오피아",FELT가 제안하는 계절감입니다. 잘 익은 과일의 맛과 향에 카라멜 같은 단맛이 조화를 이룹니다. 실크 같은 감촉으로 입안에 닿는 에스프레소 블렌드입니다.,펠트,,
램블 블렌드,,8,8,4,,4.0,"에티오피아, 에티오피아","브루잉으로 드시면 차(Tea)를 연상케 하는 깨끗함을, 에스프레소 추출을 통해 즐기시면 커피 본연의 상큼하고 달콤함을 즐기실 수 있습니다. 커피 본연의 과일의 향미, 밝은 산미와 깨끗한 단맛을 느낄수 있는 502커피로스터스의 시그니처 블렌드!",502 커피로스터스,,
1st WAVE : Supply,,2,6,8,,7.0,"브라질, 인도네시아",묵직한 단맛과 카카오의 쓴맛이 입안을 가득 채웁니다.,뉴웨이브 커피로스터스,,
Blend N.1,,6,10,6,,2.0,"에티오피아, 에티오피아, 코스타리카",스탠딩커피의 첫번째 시그니처 블렌드. 바닐라의 단맛을 기반으로 과일의 향과 맛이 매력적인 커피입니다.,스탠딩커피,,
아이올라이트 블렌드,,4,8,8,,6.0,"코스타리카, 과테말라, 콜롬비아",와이니한 목 넘김과 함께 다크 초콜릿과 구운 견과류의 진한 풍미가 고급스럽습니다. 입 안에서 느껴지는 질감과 남는 여운이 좋은 커피입니다.,필리그리커피,,
다크초콜릿 블렌드,,2,8,10,,7.0,"브라질, 콜롬비아, 인도",다크로스팅 특유의 진한 느낌과 쌉싸름함이 느껴지지만 쓰지않고 깨끗한 단맛이 특징입니다.,180커피로스터스,,
과테말라 산타펠리사 블루제이드,,4,8,6,,5.0,과테말라,"부드러운 바닐라빈의 향과 함께 깊고 진하게 숙성한듯한 오크향이 함께 입안 가득 퍼지며, 바나나의 산미와 달콤함이 같이 느껴지는 고혹스러운 커피입니다. 밸런스 자체도 워낙 뛰어나며 과테말라 커피이지만, 에티오피아 특유의 깔끔함과 향긋함을 느낄 수 있는 커피 산미가 있는 커피보다는, 단맛의 밸런스가 좋은 커피로, 너무 쓰지 않고 산미가 튀지도 않아 매...",커스프 커피,,
발렌타인,,4,6,10,,6.0,"인도네시아, 코스타리카","다크 초콜릿의 쌉싸름함과 단맛이 뛰어나고, 뒤에서 느껴지는 스모크함이 개성 있게 느껴지는 블렌드입니다. * 이일용 로스터의 한마디 * 커넥츠커피 합정점, 망원점에서 사용하고 있는 원두입니다. 5년동안 시장에서 확실한 검증을 거쳤고 오래 사랑받은 블렌드라고 말씀드릴 수 있습니다. 어두운 타입의 원두를 선호하면서도 향이 풍성하길 원하시는 분들이라면 분명...",커넥츠커피,,
봄의 제전,,8,10,10,,5.0,"에티오피아, 에티오피아","꽃향기도 느껴지고, 섬세하고도 달콤한 생기가 느껴지는 커피입니다. 새콤달콤하고 활기가 넘치는 신맛과 잼 같은 풍부하고 끈적하지만 탄력성 있는 촉감을 경험할 수 있습니다.",나무사이로,,
빈야도르 블렌드,,8,8,4,,2.0,"콜롬비아, 에티오피아","부드러운 촉감과 은은한 산미가 인상적인 블렌드입니다. 복합적인 과일향과 기분좋은 산미, 부드러운 단맛의 조화를 느껴보세요.",싸인포스트커피,,
골든에라,,4,10,8,,6.0,"콜롬비아, 에티오피아, 코스타리카",늘 편하게 마실 수 있는 언더프레셔 시그니쳐 블렌드 입니다. 원두 자체의 풍부한 단맛을 중심으로 체리캔디의 향미와 균형감있는 바디가 특징입니다.,언더프레셔,,
코스타리카 세로 산루이스 라 아만다 카투아이 화이트허니,,6,8,6,,4.0,코스타리카,청포도같은 산미와 헤이즐넛초콜릿같은 고소한 단맛이 좋은 커피입니다.,카페소소한사치,,
에티오피아 모모라 내추럴,,8,10,6,,2.0,에티오피아,"꿀, 살구 , 딸기 , 브랜디,복숭아,자스민 베리류 같은 화사함을 찾으시면 추천드립니다.",카페플롬,,
"아그로페쿠아리아 아리비카 FT, 볼리비아",,8,8,6,,2.0,볼리비아,"아몬드, 레몬캔디, 코코아,건포도",땡큐로스터스,,
콜롬비아 비야라조 시나몬,,6,8,6,,4.0,콜롬비아,"츄러스, 시나몬의 향과 카라멜, 흑설탕의 단맛이 좋은 커피입니다.",오프사이트,,
르완다 키테시 #3,,2,10,6,,4.0,르완다,"토마티요, 카모마일, 통카 빈 과실향이 가득하면서 균형감이 좋은 커피입니다.",보난자커피 코리아,,
코스타리카 로스 토노스,,4,6,4,,4.0,코스타리카,베르가못의 향과 머루의 맛 오미자차가 떠오를 정도의 복합적인 맛과 향,UFO 커피로스터스,,
라까프 필터 블렌드,,6,8,6,,5.0,"Hadjim, Vuong","다크초콜릿의 맛과 부드러운 텍스쳐, 설탕에 조린 레몬 껍질의 산미가 은은하게 느껴지는 발란스 좋은 필터커피용 블렌드입니다.",라까프,,
과테말라 SHB 스위스워터 디카페인,,4,8,8,,6.0,GUATEMALA,"곡물향, 달콤한 카라멜향, 쌉쌀하면서 부드러운 맛",리프커피,,
케냐 AA 워시드,,8,8,6,,2.0,케냐,자몽과 라임 그리고 토마토의 향미가 조화롭게 어울려 상큼하고 부드러운 커피입니다. 밸런스가 좋으며 매우 깔끔합니다.,브니엘 커피로스터스,,
노네임블렌드,,4,8,6,,6.0,"콜롬비아, 브라질, 인도","견과류 고소함과 다크 초코의 단맛 밸런스가 좋고, 크림 음료들과도 잘 어우러져요.",수수커피,,
몬스테라,,8,8,6,,5.0,"케냐, 에티오피아","식물학 커피의 시그니처 블렌드인 몬스테라는 잘 익은 베리류의 풍미와 클린한 애프터를 느끼실 수 있는 블렌드 입니다. 기분 좋은 적당한 산미와 단맛 그리고 깔끔함이 특징입니다. 커피를 자주 즐기시고 좋아하시는 분들에게 추천합니다. 커피의 산미와 우유의 고소함이 잘 어우러져 라떼류와 잘 어울리는 커피라 생각하고, 커피를 처음 접하는 분들도 거부감 없이 ...",식물학 커피로스터스,,
딥씨 블렌드,,6,8,6,,5.0,"콜롬비아, 에티오피아, 과테말라",낮은 톤의 은은한 산미와 초콜릿의 깊은 여운을 가진 딥씨는 브루잉부터 에스프레소까지 어떤 종류의 추출에도 잘 어울리는 커피로 균형잡힌 맛과 향을 가지고 있습니다.,502 커피로스터스,,
케냐 곤도 AA TOP 워시드,,6,8,6,,4.0,케냐,포도와 블랙베리의 과일 톤과 깔끔하고 진한 단맛 뒤에 느껴지는 은은한 꽃 향의 여운이 좋은 케냐 커피입니다.,필리그리커피,,
바이올렛 블렌드,,8,8,6,,4.0,"에티오피아, 콜롬비아","말린 건포도의 단맛과 오렌지의 기분좋은 산미, 그리고 카라멜 에프터 테이스트가 느껴져요.",180커피로스터스,,
와이칸,,8,10,6,,6.0,웨웨테낭고,"깨끗한 질감과 단맛이 아주 좋고 견과류의 고소함, 초콜릿·카카오닙스처럼 달콤쌉싸름한 마무리가 좋습니다.",나무사이로,,
어텀 블렌드,,4,8,6,,5.0,"과테말라, 콜롬비아, 브라질","CUSP의 가장 밸런스 좋은 블렌드 커피로서, 입안 가득 퍼지는 가을 견과의 맛과 향이 기분 좋게 퍼질 때 느껴지는 달달한 밀크 초콜릿의 감칠맛이 감히 밸런스의 정석이라고 말할 수 있는 블렌드 커피입니다. 너무 쓰지도, 산미가 있지도 않는 호불호 없는 커피로서 카페의 메인 블렌드로 세팅하길 추천드리는 커피입니다.",커스프 커피,,
에티오피아 모모라 내추럴 구지 G1,,8,8,6,,4.0,에티오피아,2000M 고지대에 위치한 모모라 농장은 비옥한 토양과 최적의 기후를 자랑합니다. 여기에 농부들의 열정과 기술력이 더해져서 최고의 모모라 커피가 생산됩니다. 뛰어난 과일 향미와 단맛이 인상적인 커피입니다.,커넥츠커피,,
과테말라 웨웨테낭고 SHB 디카페인,,4,8,6,,6.0,과테말라,군고구마의 달콤함을 닮은 깨끗한 맛의 디카페인 커피입니다,싸인포스트커피,,
콜롬비아 비야라조 민트,,6,6,6,,4.0,콜롬비아,"향기로운 민트와 꽃향기, 레몬그라스의 산미, 홍차같은 바디감의 커피입니다.",오프사이트,,
핀카 엘피날 린다 비스타 게이샤,,8,8,6,,2.0,Jalapa,"잘 익어 더욱 맛있는 과일의 산미, 달콤한 후미와 깨끗하면서도 산뜻함은 그야말로, 독보적입니다.",수수커피,,
안티구아 우나뿌 과테말라,,4,8,6,,2.0,사카테페케스주 안티구아,"노트: 애플주스, 카라멜, 다크초콜렛, 풀바디, 밸런스",땡큐로스터스,,
Parachute (패러슈트),,4,10,6,,5.0,"콜롬비아, 과테말라",고소한 견과류와 브라운슈가의 단맛 후미에 남는 카카오가 매력적인 원두,UFO 커피로스터스,,
밝은 블렌드,,8,8,6,,4.0,"브라질, 에티오피아",달콤한 과일의 산미와 카라멜의 단맛 고소한 후미가 느껴지는 블렌드입니다.,카페소소한사치,,
콜롬비아 후일라 수프리모,,6,8,8,,6.0,콜롬비아,"은은한 산미와 볶은 견과류의 고소한 느낌,밀크 초콜렛 같은 단맛이 조화롭습니다. 묵직한 바디감과 밸런스가 좋은 커피 입니다.",식물학 커피로스터스,,
헥사 블렌드,,6,6,8,,6.0,"인도, 과테말라, 콜롬비아, 에티오피아","헥사는 밸런스에 초점을 맞춘 하우트커피의 시그니처 블렌드입니다. 진한 초콜릿향, 농후한 단맛, 부드러운 산미, 고급스러운 바디감과 실키함까지 커피가 가진 다양한 매력을 만나보세요.",하우트 커피컴퍼니,,
CLASSIC BLEND,,6,8,6,,7.0,"과테말라, 에티오피아","클래식 블렌드는 황설탕의 단맛, 초콜릿 향미, 카카오 닙스같은 쌉싸름함에 은은한 산미까지 느낄 수 있는 커피입니다. 대중적인 취향에 맞춘 부드러운 단맛 베이스의 커피입니다.",한국커피,,
콜롬비아 엘 엔칸토 레드 펀치,,8,8,6,,4.0,콜롬비아,"딸기 웨하스 과자를 연상케 하는 느낌의 커피입니다. 따뜻하게 마시면 포근하면서 단맛이 좋게, 아이스로 마시면 상큼한 주스의 맛을 느낄 수 있습니다.",필리그리커피,,
숲,,8,10,8,,5.0,"에티오피아, 온두라스, 브라질","숲 블렌드는 마치 숲에 들어온 듯한 느낌을 줍니다. 달고나의 달콤 쌈싸름한 맛, 레몬, 민트의 싱그러운 느낌이 조화를 이룹니다. 깊고 묵직하고 달콤하고 시원한 숲 속 공기를 상상해 보세요.",나무사이로,,
에티오피아 예가체프 첼바 쿠멜라초 G1,,8,10,4,,2.0,에티오피아,청포도와 딸기의 향이 균형감있고 달콤하고 실키한 바디감을 갖고 있습니다. 잘 익은 과일의 맛과 향미를 느낄 수 있습니다.,싸인포스트커피,,
에티오피아 예가체프 아리차 G1 워시드,,8,8,6,,2.0,에티오피아,"마치 과즙 풍부한 자두를 한 입 베어문듯한 달콤함 속에 조화롭게 퍼지는 새콤한 라즈베리의 산미 묵직한 레드와인과 같은 바디감이 따뜻한 커피로 즐기기도 좋지만, 무더운 여름날 아이스로 세팅하기 정말 좋은 커피입니다. 에티오피아 아리차 농장에서 생산되는 커피 중 가장 품질이 우수한 커피를 선별하여 품질과 맛 또한 믿고 즐기실 수 있는 커피입니다. 산미중...",커스프 커피,,
율 디캐프,,4,6,4,,2.0,"콜롬비아, 과테말라","구수한 녹차, 홍차, 블랙 슈가의 늬앙스를 낮에도 밤에도 부담없이 즐길 수 있는 디카페인 커피입니다.",180커피로스터스,,
과테말라 와이칸 워시드,,6,8,6,,4.0,우에우에테낭고,"바닐라, 베리, 오렌지, 밀크초콜릿의 향미가 조화로워 편하게 내려마시기 좋은 커피입니다.",카페소소한사치,,
과테말라 엘 소코로 산 로렌조 스페셜티,,2,8,8,,6.0,San Jeronimo Baja Verapaz,과테말라를 대표하는 엘 소코로 농장주가 소유한 또 다른 농장인 산 로렌조는 최고의 농업 기술과 노하우로 좋은 품질의 커피를 생산합니다. 특히 이 커피는 엿기름과 같은 구수한 바디감을 가진 밸런스가 뛰어난 커피입니다.,커넥츠커피,,
보케테 핀카 레리다 파나마,,8,8,6,,2.0,파나마,"로스티드 아몬드, 로즈워터, 크래커,케인슈가, 초콜렛",땡큐로스터스,,
콜롬비아 메사 알타,,6,8,8,,6.0,콜롬비아,"복합적인 붉은 과일향, 레드와인과 럼, 베리잼의 풍미, 카카오의 여운을 가진 커피입니다.",오프사이트,,
케냐 캄왕기 AA,,8,8,6,,5.0,케냐,설탕의 단맛과 자몽의 쌉싸름한 맛이 입안에서 부드럽게 어우러집니다.,수수커피,,
에티오피아 반티넨카,,6,6,2,,4.0,에티오피아,핵과와 적포도의 상큼달콤한 조화,UFO 커피로스터스,,
콜롬비아 디카페인 한국커피 셀렉션,,4,8,6,,6.0,콜롬비아,"견과류의 고소함, 은은한 단맛과 크림처럼 부드러운 식감이 식을 때까지 유지돼요.",한국커피,,
콜롬비아 라 카바나 게이샤 애너러빅 내추럴,,6,8,4,,5.0,콜롬비아,"딸기, 포도의 복합적인 향미와 은은한 브라운 치즈의 단향이 좋습니다.",필리그리커피,,
디카페인 스프링 블렌드,,8,6,6,,5.0,"에티오피아, 에티오피아","CUSP의 자신있는 아프리칸 디카페인 블렌딩 커피로서, 딸기의 기분좋은 베리류향과 함께 은은하게 퍼지는 꽃향에 새콤 달콤 레몬과 꿀향이 함께, 디카페인 커피도 향긋할 수 있다는 걸 느낄 수 있는 블렌딩 커피입니다. 마치 일반 아프리카 커피처럼 향긋함과 산미가 살아있어, 디카페인 커피 중에서 산미있는 커피를 원하시는 분들에게 세팅하기 좋은 커피입니다.",커스프 커피,,
날아올라,,8,8,8,,2.0,에티오피아,"꽃처럼, 향수처럼, 아름다운 커피",나무사이로,,
온두라스 엘 파라이소 파카야리토 허니,,4,8,6,,4.0,온두라스,파라이네마 품종으로 깨끗하고 부드러운 과일과 달콤한 향이 균형잡힌 커피입니다.,싸인포스트커피,,
(필터)디카페인 아티틀란 SHB 마운틴워터 과테말라,,6,6,6,,4.0,아티틀란,"노트: 시트러스, 허니, 밀크초콜렛",땡큐로스터스,,
케냐 가차타 AA,,8,8,6,,4.0,케냐,"상큼한 포도, 흑설탕의 달콤함과 어울려 은은한 향이 매력적인 커피입니다.",수수커피,,
과테말라 파노라마,,2,8,6,,6.0,버번 (Bourbon),달콤하고 고소한 견과류의 맛과 향,UFO 커피로스터스,,
에티오피아 예가체프 첼바 G1 내츄럴,,8,8,6,,4.0,에티오피아,복합적인 베리류의 향과 산미 황설탕과 초콜릿의 단맛이 느껴지는 싱글오리진 커피입니다.,카페소소한사치,,
브라이트,,8,6,4,,4.0,"에티오피아, 코스타리카","복숭아, 살구와 같은 핵과의 향미와 단맛이 잘 표현되며, 부담스럽지 않은 산미가 조화로운 스페셜티 블렌드입니다. * 이일용 로스터의 한마디 * 커넥츠커피라는 브랜드를 만들고 첫 해에 호주 로스팅 대회에 출품하여 브론즈 메달을 안겨준 블렌딩입니다. 산미 있고 쥬시하지만 너무 신게 싫다면 저희 브라이트 블렌드 한번 드셔보세요. 브라이트 블렌드는 커넥츠커...",커넥츠커피,,
백야 블렌드,,8,8,6,,6.0,"브라질, 에티오피아","견과류의 고소한 맛과 은은한 산미, 부드러운 바디감을 가진 커피입니다.",오프사이트,,
콜롬비아 아마티보 로꼬시리즈 윈터라거 게이샤,,8,8,6,,4.0,콜롬비아,"라임, 자몽같은 상큼한 산미와 석류, 꿀 같은 단맛이 좋은 커피입니다.",필리그리커피,,
하이로 디카프리오,,8,8,6,,5.0,콜롬비아,"건포도?·?건자두의 새콤함, 뒤이은 아몬드와 밤꿀의 단맛과 초콜릿의 질감이 좋은 마이크로랏 디카페인 커피입니다.",나무사이로,,
과테말라 안티구아 파노라마 SHB EP 풀리워시드,,4,8,6,,5.0,Antigua,"안티구아 커피 특유의 풍부한 바디감과 입 안 가득 전달되는 단맛, 커피의 단맛과 여운을 끌어올려주는 적절한 산미로 균형감이 좋은 커피입니다. 과테말라 안티구아 커피의 견과류와 초콜렛 향이 가득한 안티구아 핀카 엘 파노라마는 대중적이면서도 높은 수준의 균형을 보여줍니다. 또한, 퀄리티 대비 저렴한 수준의 가격으로 더욱 매력적인 커피입니다. 컵노트: 마...",커스프 커피,,
아리차 스페셜 G1 에티오피아,,8,6,4,,4.0,에티오피아,"매그놀리아,라이트 퍼플 그래이프,허벌,슈가리,크리미 바디",땡큐로스터스,,
콜롬비아 라 레오나 만다린,,8,8,6,,4.0,콜롬비아,"오렌지필, 만다린의 향과 시럽같은 단맛, 차(Tea)같은 바디감의 커피입니다.",오프사이트,,
콜롬비아 라 미란다3 패션후르츠,,2,8,2,,4.0,핑크 버번 (Pink Bourbon),"강한 패션후르츠의 향과 단맛, 기분좋은 산미",UFO 커피로스터스,,
ESPRESSO 3s,,6,8,6,,7.0,"에티오피아, 온두라스","한국커피는 원두의 재료가 되는 생두 구매를 위해 매해 산지로 떠납니다. ESPRESSO 3s는 매해 들여오는 생두 중 가장 맛있는 것들을 골라 선보이는 한국커피의 시즈널 블렌드 입니다. ESPRESSO 3s는 과일잼의 단맛과 촉감, 홍차의 풍성한 향이 매력적입니다.",한국커피,,
싸우스폴 블렌드,,2,8,8,,6.0,"브라질, 인도네시아",다크초콜릿과 카라멜향이 느껴지는 은은한 단맛과 클린함이 느껴집니다.,싸인포스트커피,,
에티오피아 예가체프 G1 할로 베리티 워시드,,6,8,4,,4.0,에티오피아,은은한 자스민 향과 더불어 복숭아와 오렌지의 상큼한 과일을 느끼기 좋은 커피입니다. 밀크 카라멜 같은 부드럽고 진한 단맛이 잘 받쳐주는 높은 품질의 에티오피아 워시드 커피입니다.,필리그리커피,,
와이칸 다크,,8,10,8,,7.0,과테말라,"다크초콜릿, 블랙체리, 솔티드카라멜의 쌉쌀하고 단 맛이 일품이며 뒷 여운이 깔끔해요.",나무사이로,,
ETNA(에트나),,6,8,6,,5.0,"콜롬비아, 에티오피아, 브라질","볶은 견과류의 고소한 단맛과 부드럽고 차분한 상큼함은 물론, 은은하게 느껴지는 헤이즐넛의 풍미를 가득 담은 커피입니다. 아메리카노에서는 특유의 깊고 진한 풍미를 보여주며, 묵직하면서도 부드러운 질감에 깨끗하게 떨어지는 피니쉬가 특징인 에스프레소 블렌드입니다.",마그마커피,,
파푸아뉴기니 AA 쿠아 블루마운틴 풀리워시드,,6,8,6,,5.0,파푸아뉴기니,"세계 3대 커피인 자메이카 블루마운틴 원종을 파푸아뉴기니 쿠아 마운틴의 1,400m 고지에서 재배한 AA 쿠아 블루마운틴은 국내에 많이 들어오지 않는 파푸아뉴기니 최고 등급인 더블 A 등급의 스페셜티입니다. 블루마운틴 특유의 밸런스와 깔끔하면서도 고소하고 단맛이 충분히 받쳐주는 최고 수준의 커피입니다. 컵노트: 무화과, 밀크초콜릿, 브라운슈가",커스프 커피,,
(에스프레소)디카페인 아티틀란 SHB 마운틴워터 과테말라,,6,6,6,,4.0,아티틀란,"노트: 시트러스, 허니, 밀크초콜렛",땡큐로스터스,,
Campfire (캠프파이어),,2,8,10,,6.0,"브라질, 인도",견과류의 고소함과 후미에 남는 초콜릿한 느낌 큰사이즈 컵이나 묵직한 커피를 찾는분들께 추천,UFO 커피로스터스,,
에티오피아 시다마 파피초 내추럴,,6,10,4,,2.0,에티오피아,"장미꽃 향기, 풍부한 열대 과일의 맛과 향이 크리미하게 입안에서 느껴집니다. 네추럴 특유의 과한 발효향이 없고 부드럽습니다.",싸인포스트커피,,
온두라스 엘 사나테 파카스 워시드,,6,8,6,,5.0,온두라스,블랙베리와 조청같은 향미가 느껴지는 커피입니다. 밸런스가 좋으며 데일리커피로 추천합니다.,필리그리커피,,
콜롬비아 수프리모 후일라 산 비센테 라 플라타,,8,6,6,,5.0,콜롬비아,"콜롬비아 후일라 산 비센테 라 플라타는 레지오날 플루소르 등급 (85점 이상, 수분율 10~11% 사이)의 마이크로랏 스페셜티입니다. 콜롬비아 커피의 특징인 고소함과 단맛을 적절히 받쳐주는 산미가 적절하게 균형을 갖추고 있으며, 콤롬비아 스페셜티의 전형적인 느낌을 갖추고 있습니다. 옅은 산미가 들어있는 균형감있는 커피를 선호하시는 분께 추천드립니다. ...",커스프 커피,,
나비,,8,10,8,,5.0,"에티오피아, 콜롬비아","아카시아, 라일락 같은 꽃 향기가 아름다워요. 오렌지, 스피아민트 향미가 달고 맛있어요.",나무사이로,,
케냐 AA TOP 키안두 스페셜티 풀리워시드,,8,8,6,,5.0,케냐,"키안두 커피는 니에리 지역의 게냐산 해발 1,800m의 커피 재배에 최적의 조건을 갖춘 키안두 커피농장에서 현대적인 관리를 통해 지속적으로 TOP 그레이드의 커피를 생산하고 있습니다. 케냐 스페셜티 만의 복숭아류의 과일향을 머금어 과일향과 고소함이 잘 어울려 입 안에 기분 좋은 여운을 오랫동안 남겨줍니다. 컵노트: 복숭아, 살구, 자몽, 오렌지, 슈가케인",커스프 커피,,
다크우드,,6,10,8,,7.0,"과테말라, 에티오피아",다크우드 블렌드는 첼로 선율처럼 묵직하면서도 매끄럽고 오랫동안 입안을 맴도는 여운이 있는 커피 입니다. 농밀한 단맛이 특징입니다.,나무사이로,,
윈터 블렌드,,2,6,8,,6.0,"인도네시아, 브라질, 과테말라","이름에 걸맞게 추운 겨울 떠오르는 묵직한맛의 정석의 CUSP 블렌드 커피입니다. 와인을 숙성한듯 깊은 향이 느껴지는 오크의 숙성향과 , 군밤의 고소하고 묵직한 맛과 함께 중후한 시가의 향이 입안 가득퍼지며, 추운 겨울 벽난로가 생각나는 커피라고 표현하고 싶습니다. 묵직하고 다크한 맛의 커피를 추구하는 카페의 메인 블렌드로 세팅하길 추천드리는 커피입니다.",커스프 커피,,
인도네시아 만델링 G1 트리플픽,,2,8,8,,6.0,인도네시아,"인도네시아 만델링 트리플 픽 G1 커피는 산지에서 세 번에 걸친 핸드피킹을 통해 품질을 높였으며, 인도네시아 길링바사 프로세스 특유의 단맛과 강한 바디감, 스모키한 향을 간직한 커피입니다. 국내에서는 별다방 커피를 떠올릴 수 있는 진한 커피이며, 산미가 거의 느껴지지 않습니다. 컵노트: 당밀, 다크초콜릿, 시가",커스프 커피,,
